group_memberships_group_id,group_memberships_user_id
eabbdf4029734c848a9da20779637d03,9a5aead62c344207b2624dba90985dc5
eabbdf4029734c848a9da20779637d03,ea7122da1c7b4244a2184a4f9f944053
eabbdf4029734c848a9da20779637d03,cba603f34acb4a40b3ccb53fe6681b5d
eabbdf4029734c848a9da20779637d03,fa9a126e63714641ae0145557a390cab
eabbdf4029734c848a9da20779637d03,299da113c5d1420ab525106c242c9429
7080bf8dcf78463bb03e6863887fd715,836a747118d6436caf56ff3a3c47289a
7080bf8dcf78463bb03e6863887fd715,82cf96ae74fa4b3a8ffd8a74446c08ca
7080bf8dcf78463bb03e6863887fd715,b0f6c44506444fb99e910dcc5836b5d8
bc6fc50a2b444efc8ec47111b290ffb8,ab8d405cfdab4faf83ffe7f83944a87b
bc6fc50a2b444efc8ec47111b290ffb8,370dba85f183496186772be0c53a69b1
bc6fc50a2b444efc8ec47111b290ffb8,ff165c6b122b47b9a5d4db2504086460
bc6fc50a2b444efc8ec47111b290ffb8,4d7b8bf7e9c547a4a49c39114cd378e0
bc6fc50a2b444efc8ec47111b290ffb8,25b0211225e5436cacdfa360c47923eb
bc6fc50a2b444efc8ec47111b290ffb8,900fabec471b4390a2f236dd149d3289
bc6fc50a2b444efc8ec47111b290ffb8,ba4c2067fc9d47db95c021a5a7b83acf
bc6fc50a2b444efc8ec47111b290ffb8,2037358605a34ccf971bd857efc63d82
bc6fc50a2b444efc8ec47111b290ffb8,a48ce3eed4ca43439066add35ea28b89
bc6fc50a2b444efc8ec47111b290ffb8,6dd15920ae1342d9bfe4c03ae498ba79
bc6fc50a2b444efc8ec47111b290ffb8,2e1b81da118c485a907aebe8cd00defb
bc6fc50a2b444efc8ec47111b290ffb8,1ab788388ebd4b6fa60577651604b331
bc6fc50a2b444efc8ec47111b290ffb8,338635b17df248b3959ab4d5423cc6f3
bc6fc50a2b444efc8ec47111b290ffb8,6804f8b34cd9457fb3f1bbd6ee0f4fa9
bc6fc50a2b444efc8ec47111b290ffb8,3582658c92e5432b849f6da00a8a1e4a
bc6fc50a2b444efc8ec47111b290ffb8,984de094ed3144a3b9e389a1b125465b
bc6fc50a2b444efc8ec47111b290ffb8,5a14109840c24b21b81eec989db259f6
bc6fc50a2b444efc8ec47111b290ffb8,dcb47b7b2f534196a7339f161198c125
bc6fc50a2b444efc8ec47111b290ffb8,1009f4edd679418faf1532a0b77733ae
bc6fc50a2b444efc8ec47111b290ffb8,e250f84df134459faab2187e01c1b39e
bc6fc50a2b444efc8ec47111b290ffb8,8f0d5eef37dc432a8597eaf2078c2b20
bc6fc50a2b444efc8ec47111b290ffb8,e3e0ef78006d440c892e26cfca963dd0
bc6fc50a2b444efc8ec47111b290ffb8,aad90ef8da084259980f2478c71ab019
bc6fc50a2b444efc8ec47111b290ffb8,05ab77d4c6a141b999044ebbf5415b0d
bc6fc50a2b444efc8ec47111b290ffb8,11df8341f9f64843bae56ccda1b95aed
bc6fc50a2b444efc8ec47111b290ffb8,7550cac428f84896854903d4349c5b7d
37f002e8d5e442ca8e36e972eaa55882,4cbada05e5de4d40ac01bb55349c316b
37f002e8d5e442ca8e36e972eaa55882,6a6be51445164339a01d38cb4478b4e1
37f002e8d5e442ca8e36e972eaa55882,d2d56f00da9b48c98c18e9ba86a1f714
37f002e8d5e442ca8e36e972eaa55882,9d31b8ca0099465bbc3281ea1b51d79e
37f002e8d5e442ca8e36e972eaa55882,e27c43e8671242e1bfb80829744ee3ad
37f002e8d5e442ca8e36e972eaa55882,7b4a831920084e8bb5731c71ca2a44cc
37f002e8d5e442ca8e36e972eaa55882,8d405d61516f419d9dd64c3fe7f22264
37f002e8d5e442ca8e36e972eaa55882,f6495850d9be4bebbd0a78f25a9f4371
37f002e8d5e442ca8e36e972eaa55882,81d4638e8adf437287c97f6ffa008446
37f002e8d5e442ca8e36e972eaa55882,a58938c27d5f4791b2021d347b906c6b
37f002e8d5e442ca8e36e972eaa55882,a5df752d1bcd47b7ae4c9d2a5af26d1e
37f002e8d5e442ca8e36e972eaa55882,2ee9d9d1350f4191a14ac702580c0fdc
37f002e8d5e442ca8e36e972eaa55882,0b7536794c75431daae3e751b18ec05a
37f002e8d5e442ca8e36e972eaa55882,73037f870cc1484c8dc9519c1cca8db6
37f002e8d5e442ca8e36e972eaa55882,12a9303a7c3a47779c53f7377cb0730b
37f002e8d5e442ca8e36e972eaa55882,68399ff7b1e5455e976ee8593a9c63f5
37f002e8d5e442ca8e36e972eaa55882,f31dd3327ab94b12b7e4429012be0b48
37f002e8d5e442ca8e36e972eaa55882,9afd625a4d3e43be961cf6a059d61029
37f002e8d5e442ca8e36e972eaa55882,647e329a0c094f25ae1aa5d413a79e81
37f002e8d5e442ca8e36e972eaa55882,9ffc7dd6a0db43dcb3c19133a3b2db88
37f002e8d5e442ca8e36e972eaa55882,a17f04826c4b4cfead1239cf588beb43
37f002e8d5e442ca8e36e972eaa55882,6a551fda6a564e0698999e2edf0049dd
37f002e8d5e442ca8e36e972eaa55882,3582658c92e5432b849f6da00a8a1e4a
37f002e8d5e442ca8e36e972eaa55882,a0c41b9a1cd14a949ecd344846e54426
37f002e8d5e442ca8e36e972eaa55882,fe9ef9608b084c43b5303f2f1513ebe7
37f002e8d5e442ca8e36e972eaa55882,29f3b121549a42b7a2cc5f88400a21de
37f002e8d5e442ca8e36e972eaa55882,f197389752254bf0847cd33cb9c8d9ba
37f002e8d5e442ca8e36e972eaa55882,8c5665dd653343979261fb1ea22873ef
37f002e8d5e442ca8e36e972eaa55882,25c22fbf9b9e424583238d618c83f190
37f002e8d5e442ca8e36e972eaa55882,b1759ef11fcc4fa2ad9a58f4d9d9b52f
37f002e8d5e442ca8e36e972eaa55882,5bf77e33c16d4d319dff64913ac89e38
37f002e8d5e442ca8e36e972eaa55882,3166cc28dcb84b73bee485ede7d07dea
37f002e8d5e442ca8e36e972eaa55882,92e658424db94409b08c8d0bb52f1527
37f002e8d5e442ca8e36e972eaa55882,dbfc21fbff414832beed41c7a5966096
52419ff84d4b47bebd0b0a6c1263c296,f6495850d9be4bebbd0a78f25a9f4371
52419ff84d4b47bebd0b0a6c1263c296,a9d82ebbd59f4f239d92d960c86d96b3
52419ff84d4b47bebd0b0a6c1263c296,d8e7b26aeb6149589df3381b4c65b89c
52419ff84d4b47bebd0b0a6c1263c296,82af7a09e81f4d3ebb72c83abcf11696
52419ff84d4b47bebd0b0a6c1263c296,5e6b5c22b0594658a7e606b013e8ee5e
52419ff84d4b47bebd0b0a6c1263c296,819d3c6cfa2841ccaecc0984c72d080e
52419ff84d4b47bebd0b0a6c1263c296,52610ea039614ef1b2d265ebe112edaf
52419ff84d4b47bebd0b0a6c1263c296,d75f9d7961874b40bf2c5232d7dac273
52419ff84d4b47bebd0b0a6c1263c296,0b1a76e8b1f94f299f1987b4cad26d7a
52419ff84d4b47bebd0b0a6c1263c296,8eaa6d5dc49e45f185a846440e5314c6
52419ff84d4b47bebd0b0a6c1263c296,0c99e6f5220a401d9510ec3c23a6f00f
52419ff84d4b47bebd0b0a6c1263c296,ddabf98f8e474858bb678f395883f896
52419ff84d4b47bebd0b0a6c1263c296,e4c00e5120764a88aaeba465e060c831
52419ff84d4b47bebd0b0a6c1263c296,3c17f5ade98b4556ac95542a15c84858
52419ff84d4b47bebd0b0a6c1263c296,05efc4cf47b647d593538c7aee65638a
52419ff84d4b47bebd0b0a6c1263c296,fc1a1030c3c94d79beeed7d0256e57da
52419ff84d4b47bebd0b0a6c1263c296,23b2a4faac2e4662945d77fb5a2eebd0
52419ff84d4b47bebd0b0a6c1263c296,e535ea97f596484ea95f071925385df5
52419ff84d4b47bebd0b0a6c1263c296,0ccaa650f97d4a229401aecec2262fc7
52419ff84d4b47bebd0b0a6c1263c296,eaf829b9582e4e32993b1ba2edef8013
52419ff84d4b47bebd0b0a6c1263c296,5f4b23b47304481abd3ce9263b2a43d8
52419ff84d4b47bebd0b0a6c1263c296,3582658c92e5432b849f6da00a8a1e4a
52419ff84d4b47bebd0b0a6c1263c296,0cf5ac636d404c3d8874a90c0b2f9442
52419ff84d4b47bebd0b0a6c1263c296,445bac05b0ac4951bef6a8fc84906c5d
52419ff84d4b47bebd0b0a6c1263c296,5a14109840c24b21b81eec989db259f6
52419ff84d4b47bebd0b0a6c1263c296,b875f9698050404ba421cad8f5571b27
52419ff84d4b47bebd0b0a6c1263c296,c4462098f25a467e88cfc849b288b8f9
52419ff84d4b47bebd0b0a6c1263c296,cba603f34acb4a40b3ccb53fe6681b5d
52419ff84d4b47bebd0b0a6c1263c296,58169c9abe344950983e7b2b4d398b2f
52419ff84d4b47bebd0b0a6c1263c296,e53524fb76f0434192d95239c7de0925
52419ff84d4b47bebd0b0a6c1263c296,e3e0ef78006d440c892e26cfca963dd0
52419ff84d4b47bebd0b0a6c1263c296,1144880a2cda4f4daf5bcf35b50cbeb8
52419ff84d4b47bebd0b0a6c1263c296,05ab77d4c6a141b999044ebbf5415b0d
52419ff84d4b47bebd0b0a6c1263c296,02aab9809abc442bb9ee99c20c41e757
52419ff84d4b47bebd0b0a6c1263c296,f9d04919ff51422bbc0a31a66e54fde0
52419ff84d4b47bebd0b0a6c1263c296,107527abc3bb4a99a4fbe4e7be613994
52419ff84d4b47bebd0b0a6c1263c296,1226899ee30f42488d8c401a6227763e
52419ff84d4b47bebd0b0a6c1263c296,fee5ddf4175f490bb1778aef7a446c39
52419ff84d4b47bebd0b0a6c1263c296,ded9c4b23cf849e486f978489c8db362
559dbc7bd1f64c268ff149c4d5d63500,9ed3b4c94b51420d90cb1a32542398a2
559dbc7bd1f64c268ff149c4d5d63500,08f3b2a0eedc4e05902b100b9edf691e
559dbc7bd1f64c268ff149c4d5d63500,11df8341f9f64843bae56ccda1b95aed
528fa2c7559a40749b6151a07d3b8ef5,3c96a8439a284d6aa869c39d7735d532
528fa2c7559a40749b6151a07d3b8ef5,f96e9335c8bf44cc9f018384af02f285
528fa2c7559a40749b6151a07d3b8ef5,dee82c91101b4563b8feb48708a9d3bf
528fa2c7559a40749b6151a07d3b8ef5,45bb78df990343ee8f904df3aa85e8d6
528fa2c7559a40749b6151a07d3b8ef5,0a1b9fe9285e420e83fa7490af3afcdd
528fa2c7559a40749b6151a07d3b8ef5,869d530010d74ca2bcb9dea52cb4e9b2
528fa2c7559a40749b6151a07d3b8ef5,eb1b3559e3aa49fd8211e522b24a46f0
528fa2c7559a40749b6151a07d3b8ef5,39034f9981354770a61401a8da1bf714
528fa2c7559a40749b6151a07d3b8ef5,a7bf251a290b418e923e8f04a67b7ebb
528fa2c7559a40749b6151a07d3b8ef5,8d405d61516f419d9dd64c3fe7f22264
528fa2c7559a40749b6151a07d3b8ef5,2d5d58977fcc48b9b2ec655a76dcd6bc
528fa2c7559a40749b6151a07d3b8ef5,6631c1f4c9234b648735d0adc03b2f2c
528fa2c7559a40749b6151a07d3b8ef5,060606aac928478bb56a0ef76e8ba4d7
528fa2c7559a40749b6151a07d3b8ef5,9a61768640234833b4b238940ce17e2b
528fa2c7559a40749b6151a07d3b8ef5,aa0a67c2e6314c2981bc92e23dbdccd5
528fa2c7559a40749b6151a07d3b8ef5,0c99e6f5220a401d9510ec3c23a6f00f
528fa2c7559a40749b6151a07d3b8ef5,57b94fa58b3143b68678c0a8d84b9d31
528fa2c7559a40749b6151a07d3b8ef5,37c6fa5a936b48e5a195672e3cc08a4a
528fa2c7559a40749b6151a07d3b8ef5,b3d0ddcf350d4258821a1773c91ec33b
528fa2c7559a40749b6151a07d3b8ef5,96ea12b5f59b40dd891d5202b5843a6c
528fa2c7559a40749b6151a07d3b8ef5,e1d02f0f7b4d469b9778154eb5919ce6
528fa2c7559a40749b6151a07d3b8ef5,7890c5def9514a84891a42dc42b2fdea
528fa2c7559a40749b6151a07d3b8ef5,edd977e6a8b44d03a1ae4f7d325f5cb2
528fa2c7559a40749b6151a07d3b8ef5,42f4ba1c036946e195e5ac5db3b74be8
528fa2c7559a40749b6151a07d3b8ef5,984de094ed3144a3b9e389a1b125465b
528fa2c7559a40749b6151a07d3b8ef5,22a501247e5d4eb68dce805060bf5042
528fa2c7559a40749b6151a07d3b8ef5,fd441526fd94467d96b4d110cc163a6d
528fa2c7559a40749b6151a07d3b8ef5,57a808d2870846ffb42a6536c0885e7a
528fa2c7559a40749b6151a07d3b8ef5,f893324adec747039e6df35920580a24
528fa2c7559a40749b6151a07d3b8ef5,6dd5f9ddf5ed4c7a9264f5a15885df88
528fa2c7559a40749b6151a07d3b8ef5,bef22a5438cd4f019f78a490f261e2a0
528fa2c7559a40749b6151a07d3b8ef5,bf42519abbc84f92a345cac73bb56cab
528fa2c7559a40749b6151a07d3b8ef5,b0f6c44506444fb99e910dcc5836b5d8
528fa2c7559a40749b6151a07d3b8ef5,5596d8a3c6054899a994e39e20380d8c
528fa2c7559a40749b6151a07d3b8ef5,304d5fa90e784bd2be2bebcff204146d
528fa2c7559a40749b6151a07d3b8ef5,d9803d63cfd94b47bf3c88ba54519193
528fa2c7559a40749b6151a07d3b8ef5,2b09bea56b274aaea5b502987cf1d95c
528fa2c7559a40749b6151a07d3b8ef5,0e537e5202c8456789cb108b248ea126
528fa2c7559a40749b6151a07d3b8ef5,1144880a2cda4f4daf5bcf35b50cbeb8
528fa2c7559a40749b6151a07d3b8ef5,841ba804213f4ed79aae3799dd7956ef
528fa2c7559a40749b6151a07d3b8ef5,f5389305c0814dffa6cbfa6b0acda6dc
528fa2c7559a40749b6151a07d3b8ef5,3d042270ad2a469b8748ec7846dd3275
528fa2c7559a40749b6151a07d3b8ef5,2dc50943c8b04893a1e7e5ab1527945d
528fa2c7559a40749b6151a07d3b8ef5,1df9bf7e2d42482aad8c3a2b631c8073
528fa2c7559a40749b6151a07d3b8ef5,bed854619d024b0ba1455b08420217c6
528fa2c7559a40749b6151a07d3b8ef5,a90bc0e405e14e3f902131e845fa9524
528fa2c7559a40749b6151a07d3b8ef5,57b698ad3b944d0a82f3ca7e1ccb2c25
528fa2c7559a40749b6151a07d3b8ef5,c7bf019f041c4f2cae8f8ed89d16ae85
cfaac1762bed4c8bb88696267129a560,151259b7abae4c628e2f80cff3a86534
cfaac1762bed4c8bb88696267129a560,22a28351c622476396740ddf5a4d4281
cfaac1762bed4c8bb88696267129a560,82af7a09e81f4d3ebb72c83abcf11696
cfaac1762bed4c8bb88696267129a560,c472fa7dcbef486d8e2f4ea62ed53d85
cfaac1762bed4c8bb88696267129a560,554a4a03e0584cb4a80c9f17ed2c6b1d
cfaac1762bed4c8bb88696267129a560,e61e9040ccb644a39cdd3133f0729161
cfaac1762bed4c8bb88696267129a560,1bc438c298494ec59252d7d998d88be4
cfaac1762bed4c8bb88696267129a560,24affb174b604b2a86e48f9841b89c0c
cfaac1762bed4c8bb88696267129a560,da50cd389d904dfba877aaad72775398
cfaac1762bed4c8bb88696267129a560,32495c7c03d4461e8e2a3d6d28c61c8f
cfaac1762bed4c8bb88696267129a560,1c89c11c6ae041e7bea64597a0dbae4a
cfaac1762bed4c8bb88696267129a560,4c94557f9e0b4093943ebf1079a5e0fc
cfaac1762bed4c8bb88696267129a560,e2f7654965884497817a84a7704f70dd
cfaac1762bed4c8bb88696267129a560,79bdfee2207745bdbe14e846747caae6
cfaac1762bed4c8bb88696267129a560,5ab05c3d0cab4527a1ac4b9ab894fa82
cfaac1762bed4c8bb88696267129a560,dfb77746997c4f6db9912950074f6e7d
cfaac1762bed4c8bb88696267129a560,1b9c4ff51d9248f69dac386d7672bdb5
cfaac1762bed4c8bb88696267129a560,9d79b10c85ed4290b2752b70e03d6b8c
cfaac1762bed4c8bb88696267129a560,23b2a4faac2e4662945d77fb5a2eebd0
cfaac1762bed4c8bb88696267129a560,11e16a630c8f4c04aa73f0cab67300f7
cfaac1762bed4c8bb88696267129a560,07ae28dac63b42ef8cac631a9b0140a5
cfaac1762bed4c8bb88696267129a560,a9c5b8c0ec9340eea9dac0ade4785e08
cfaac1762bed4c8bb88696267129a560,5043bb00b3f8481abf7d274a8b7283ac
cfaac1762bed4c8bb88696267129a560,4a1516e61c3a498ba728a6792ff67983
cfaac1762bed4c8bb88696267129a560,cba603f34acb4a40b3ccb53fe6681b5d
cfaac1762bed4c8bb88696267129a560,0f22cf46f06846579f034363c5797466
cfaac1762bed4c8bb88696267129a560,883230167aea4099bf80184c0cd54e68
cfaac1762bed4c8bb88696267129a560,d6cbdc05e28140449e3deabe6f7693d1
cfaac1762bed4c8bb88696267129a560,1944a9ee57154bc38f9efac7d2c00f58
cfaac1762bed4c8bb88696267129a560,02aab9809abc442bb9ee99c20c41e757
cfaac1762bed4c8bb88696267129a560,3d042270ad2a469b8748ec7846dd3275
cfaac1762bed4c8bb88696267129a560,efbc0b6579ac43239e44e5f2e22fdc66
cfaac1762bed4c8bb88696267129a560,874cbc94cb104405aabd87fd8dcdc033
cfaac1762bed4c8bb88696267129a560,018ed03f99f949739335a319e7e7027d
f79273f51df849d298bd6f4b86daee99,ab8d405cfdab4faf83ffe7f83944a87b
f79273f51df849d298bd6f4b86daee99,be5d23056fcb4f1287c823beec5291e1
f79273f51df849d298bd6f4b86daee99,d50218bb5cab447781d381c279abe605
f79273f51df849d298bd6f4b86daee99,3699cf31112b4f0f8c45c0357ccdd916
f79273f51df849d298bd6f4b86daee99,cf8069d40ccc4e1782ed11518c5311d5
f79273f51df849d298bd6f4b86daee99,66719922807344f2b6539c32ae8d28d3
f79273f51df849d298bd6f4b86daee99,be7fc00baaf94223be4dc093e7ae19c7
f79273f51df849d298bd6f4b86daee99,c90abb8aa9b74cb8bd49129671b8b7d6
f79273f51df849d298bd6f4b86daee99,1932eb394e544281ba0db2a63ee86560
f79273f51df849d298bd6f4b86daee99,bd24915dfdbb4783bdab8e5bd9c0dfd3
f79273f51df849d298bd6f4b86daee99,e2f7654965884497817a84a7704f70dd
f79273f51df849d298bd6f4b86daee99,08be8b388281440586c8d9be3a72217d
f79273f51df849d298bd6f4b86daee99,62d7966a329c4da0a30808ef0e2f40ca
f79273f51df849d298bd6f4b86daee99,23b2a4faac2e4662945d77fb5a2eebd0
f79273f51df849d298bd6f4b86daee99,d87b66adfbe24e3488c960a4bfcd6905
f79273f51df849d298bd6f4b86daee99,de83e95e64784fc7a81dbd2e4295d7f9
f79273f51df849d298bd6f4b86daee99,9beaaac679634cdc8b3cdf47fd614bb4
f79273f51df849d298bd6f4b86daee99,0cf5ac636d404c3d8874a90c0b2f9442
f79273f51df849d298bd6f4b86daee99,ba1407efedfe438387e8bd49220b8d59
f79273f51df849d298bd6f4b86daee99,cba603f34acb4a40b3ccb53fe6681b5d
f79273f51df849d298bd6f4b86daee99,b0f6c44506444fb99e910dcc5836b5d8
f79273f51df849d298bd6f4b86daee99,d6cbdc05e28140449e3deabe6f7693d1
f79273f51df849d298bd6f4b86daee99,d09cb4c66345447c999141fde349d0aa
f79273f51df849d298bd6f4b86daee99,1144880a2cda4f4daf5bcf35b50cbeb8
f79273f51df849d298bd6f4b86daee99,aad90ef8da084259980f2478c71ab019
f79273f51df849d298bd6f4b86daee99,f30a6b66d82b47e5bceddda63adf0e28
f79273f51df849d298bd6f4b86daee99,baa6c1f7e48048c1abf06b13042491f6
f79273f51df849d298bd6f4b86daee99,fee5ddf4175f490bb1778aef7a446c39
ba94226c87d249a1a2dbdc32a848b769,3f5dcc4de3a24f119797a713ae547c4c
ba94226c87d249a1a2dbdc32a848b769,eee7985edfc64e0494b1424fed2136b8
ba94226c87d249a1a2dbdc32a848b769,170413351f864880b8a2270cc2fabfb3
ba94226c87d249a1a2dbdc32a848b769,840e09f264f240468c4ea1f0023cd302
ba94226c87d249a1a2dbdc32a848b769,c8182579712e44348eef02a142860af2
ba94226c87d249a1a2dbdc32a848b769,5743b7c629514eaba6f6195c095d25b8
ba94226c87d249a1a2dbdc32a848b769,869d530010d74ca2bcb9dea52cb4e9b2
ba94226c87d249a1a2dbdc32a848b769,5e19e68a6864460da8c7f9e48651f13a
ba94226c87d249a1a2dbdc32a848b769,f15f06d9a3c144e483e7ee7255196a38
ba94226c87d249a1a2dbdc32a848b769,35882e03c71c4656a4394e005d1e991b
ba94226c87d249a1a2dbdc32a848b769,f88c43bc93344eba9b3b093c283fec03
ba94226c87d249a1a2dbdc32a848b769,4cbbbceb426c4084a9fdb5ff07b2ab22
ba94226c87d249a1a2dbdc32a848b769,8d405d61516f419d9dd64c3fe7f22264
ba94226c87d249a1a2dbdc32a848b769,25b0211225e5436cacdfa360c47923eb
ba94226c87d249a1a2dbdc32a848b769,d0bc7297e3a948f087bcff82e50c0640
ba94226c87d249a1a2dbdc32a848b769,dd5d0eb9d6664dd7ac13970faa57c66d
ba94226c87d249a1a2dbdc32a848b769,5fb68a532a80420b9f92d157acc7d3bc
ba94226c87d249a1a2dbdc32a848b769,70843a9842d74469b2eb158a62e35546
ba94226c87d249a1a2dbdc32a848b769,2e3a17f1443e4f6e97abe32f389724a9
ba94226c87d249a1a2dbdc32a848b769,f02266082964448ab926dbae758931a4
ba94226c87d249a1a2dbdc32a848b769,c4b498b93f214f34a17cf4aa50ac58f8
ba94226c87d249a1a2dbdc32a848b769,ae94ca51f5c84882bc80b3bf9f100826
ba94226c87d249a1a2dbdc32a848b769,25dd2ab7ba09484ba0c3563351028632
ba94226c87d249a1a2dbdc32a848b769,8d0a2162584043fbaa5b7345bda33669
ba94226c87d249a1a2dbdc32a848b769,53e7d9e39e304d1e81b51edf3860586e
ba94226c87d249a1a2dbdc32a848b769,f8831dee1ca4415b8325f51c0e1e50cf
ba94226c87d249a1a2dbdc32a848b769,5d6875960de14fdea7af0ad5637ff386
ba94226c87d249a1a2dbdc32a848b769,9ed3b4c94b51420d90cb1a32542398a2
ba94226c87d249a1a2dbdc32a848b769,bdcb3a7b53c240868cfd4ae336a5e824
ba94226c87d249a1a2dbdc32a848b769,e3658e8db3514af4a4c1ee1f8cf930a4
ba94226c87d249a1a2dbdc32a848b769,08f3b2a0eedc4e05902b100b9edf691e
ba94226c87d249a1a2dbdc32a848b769,1d469d242abb4c72a256ab13dbd3fbc4
ba94226c87d249a1a2dbdc32a848b769,8c055fd0a9404c73b76d8e7eb5ffe7c8
ba94226c87d249a1a2dbdc32a848b769,ff32501104e64a18a0af82f367776c3b
ba94226c87d249a1a2dbdc32a848b769,bfa0b0e497304612a34294654b8e6517
ba94226c87d249a1a2dbdc32a848b769,8e9dcf417b004ab6aa336ecdd5092d3d
ba94226c87d249a1a2dbdc32a848b769,647e329a0c094f25ae1aa5d413a79e81
ba94226c87d249a1a2dbdc32a848b769,23b2a4faac2e4662945d77fb5a2eebd0
ba94226c87d249a1a2dbdc32a848b769,7b14dcd5d5f7414faa4bf1af989be9e3
ba94226c87d249a1a2dbdc32a848b769,d87b66adfbe24e3488c960a4bfcd6905
ba94226c87d249a1a2dbdc32a848b769,6804f8b34cd9457fb3f1bbd6ee0f4fa9
ba94226c87d249a1a2dbdc32a848b769,229b980330484c518ddd829d6dc6745a
ba94226c87d249a1a2dbdc32a848b769,7c4a9968ec1b492fb3d2e758df567e60
ba94226c87d249a1a2dbdc32a848b769,3339079a1ce1489092bba750e0c7a2b6
ba94226c87d249a1a2dbdc32a848b769,4e9fe7ffb54c42eba0987c6119da9975
ba94226c87d249a1a2dbdc32a848b769,af08006fd1d44f61b8d0c00a615f3773
ba94226c87d249a1a2dbdc32a848b769,669fcef4dde04b06a889134bfe1b56f1
ba94226c87d249a1a2dbdc32a848b769,cd109a09ed9847288e86826d73e958a4
ba94226c87d249a1a2dbdc32a848b769,734c4531785641e28aca7f86d4f02a38
ba94226c87d249a1a2dbdc32a848b769,d3e81437da2a43618b79d9760f09cea4
ba94226c87d249a1a2dbdc32a848b769,b875f9698050404ba421cad8f5571b27
ba94226c87d249a1a2dbdc32a848b769,c4462098f25a467e88cfc849b288b8f9
ba94226c87d249a1a2dbdc32a848b769,5b6367a849304090ba080a0d85cbbc90
ba94226c87d249a1a2dbdc32a848b769,28ea46df87634fb7bf81d1d8b05566ff
ba94226c87d249a1a2dbdc32a848b769,7b7fce5559964119878cd6de68472598
ba94226c87d249a1a2dbdc32a848b769,067a3be8848f41a592e5303a778a0f53
ba94226c87d249a1a2dbdc32a848b769,8f0d5eef37dc432a8597eaf2078c2b20
ba94226c87d249a1a2dbdc32a848b769,c267d174928347ce8e2393e5bb7ad423
ba94226c87d249a1a2dbdc32a848b769,fcabb5ebb648430d98abac5d6410beb4
ba94226c87d249a1a2dbdc32a848b769,e9d1f52fae63448fbc8c82ad2830fff6
ba94226c87d249a1a2dbdc32a848b769,0e537e5202c8456789cb108b248ea126
ba94226c87d249a1a2dbdc32a848b769,be4c7281faee4e819be3ca34bb971855
ba94226c87d249a1a2dbdc32a848b769,1144880a2cda4f4daf5bcf35b50cbeb8
ba94226c87d249a1a2dbdc32a848b769,dfca76bea97d42cea12d3fff72275f98
ba94226c87d249a1a2dbdc32a848b769,4f38c28aefca4a0e846b684b32b9d97d
ba94226c87d249a1a2dbdc32a848b769,42c2724076684cf3bbf2d487d5ced43f
ba94226c87d249a1a2dbdc32a848b769,3166cc28dcb84b73bee485ede7d07dea
ba94226c87d249a1a2dbdc32a848b769,99c28eddb46144759c37335727311245
ba94226c87d249a1a2dbdc32a848b769,b4926fad7b05486789cd351b1f838702
ba94226c87d249a1a2dbdc32a848b769,fee5ddf4175f490bb1778aef7a446c39
ba94226c87d249a1a2dbdc32a848b769,95770398c377465f97cc1e04089df4ee
ba94226c87d249a1a2dbdc32a848b769,16d037d20df54603b8013f49ac38b297
ba94226c87d249a1a2dbdc32a848b769,ded9c4b23cf849e486f978489c8db362
ba94226c87d249a1a2dbdc32a848b769,fb86391b49084617b722eb52bab63bcb
ba94226c87d249a1a2dbdc32a848b769,11df8341f9f64843bae56ccda1b95aed
ba94226c87d249a1a2dbdc32a848b769,c99edfb46b3540b8aeb0b2cfd4e6eebc
ba94226c87d249a1a2dbdc32a848b769,4fb72a6981f7434db6002aa5e42816e5
cfdab61b2c6c47a78c4641852debb38f,4bf6e6bc431b4c398ab784b1b0203b38
cfdab61b2c6c47a78c4641852debb38f,b7ccfcc824e14980a11c3209e1833dc2
cfdab61b2c6c47a78c4641852debb38f,9adb71261f3d4ec8a78a3c961770cd01
cfdab61b2c6c47a78c4641852debb38f,2129756263854d86a7f56d6bf1172f70
cfdab61b2c6c47a78c4641852debb38f,cfc12a1377cc46399b066cc730694d40
cfdab61b2c6c47a78c4641852debb38f,9a61768640234833b4b238940ce17e2b
cfdab61b2c6c47a78c4641852debb38f,b8b03b83a6f94b6fa956c1d17818b17a
cfdab61b2c6c47a78c4641852debb38f,53e7d9e39e304d1e81b51edf3860586e
cfdab61b2c6c47a78c4641852debb38f,41527a8be58242e2b6c7ebe5fc5e47c0
cfdab61b2c6c47a78c4641852debb38f,08f3b2a0eedc4e05902b100b9edf691e
cfdab61b2c6c47a78c4641852debb38f,1de7105f1d7442009b868663bc2d669f
cfdab61b2c6c47a78c4641852debb38f,93c666e1ef2a4615934620412f4b6203
cfdab61b2c6c47a78c4641852debb38f,314e0b063a204c1ca05c27406874ee49
cfdab61b2c6c47a78c4641852debb38f,0f986164684b4095be8c191525398353
cfdab61b2c6c47a78c4641852debb38f,e5261ca318744ced8fdbbb0b0f262a41
cfdab61b2c6c47a78c4641852debb38f,fb58aa2d8fbd40d1bc7602f7b81437fb
cfdab61b2c6c47a78c4641852debb38f,6dd5f9ddf5ed4c7a9264f5a15885df88
cfdab61b2c6c47a78c4641852debb38f,769c32e329384a109c59e807ada3150b
cfdab61b2c6c47a78c4641852debb38f,d105df1f18ae44d2b6273d64788906a0
cfdab61b2c6c47a78c4641852debb38f,883230167aea4099bf80184c0cd54e68
cfdab61b2c6c47a78c4641852debb38f,ffba48ec9c234f918f563f2b93d4927a
cfdab61b2c6c47a78c4641852debb38f,c99d209de3a740d6b64805c038b77a30
cfdab61b2c6c47a78c4641852debb38f,1753a7a9bf604486a9b69bcddd552cb3
cfdab61b2c6c47a78c4641852debb38f,b1a47445db8442ac9fc3a952bca0f4b2
cfdab61b2c6c47a78c4641852debb38f,e9e22e824e8a4ebda4ad12366ce1138b
cfdab61b2c6c47a78c4641852debb38f,3d042270ad2a469b8748ec7846dd3275
cfdab61b2c6c47a78c4641852debb38f,7a157d5c9dd9409fbe02db4af3913665
cfdab61b2c6c47a78c4641852debb38f,018ed03f99f949739335a319e7e7027d
9d922f354e7c404e98cb2acc1bcfa444,258cade180394e3c80559a75f5bd874b
9d922f354e7c404e98cb2acc1bcfa444,ed69d8e1e3b84aedb1334d68e591ff98
9d922f354e7c404e98cb2acc1bcfa444,53e7d9e39e304d1e81b51edf3860586e
9d922f354e7c404e98cb2acc1bcfa444,8d39797922a645afb0f30dd158909a97
9d922f354e7c404e98cb2acc1bcfa444,dd5aa5b5b1324c06b808f55a2d33599c
9d922f354e7c404e98cb2acc1bcfa444,afbdde26b5c742d6a8eb6e5184a99f12
9d922f354e7c404e98cb2acc1bcfa444,b925d1fef3714e80b3a7877fb9f136b4
d617d88792bf4fa5bff144d0ddb3bdf0,df8b2dce46e14015b815d52177797bf3
d617d88792bf4fa5bff144d0ddb3bdf0,62d7966a329c4da0a30808ef0e2f40ca
23842cfc53704f9dbb95d57a4842cfea,ab8d405cfdab4faf83ffe7f83944a87b
23842cfc53704f9dbb95d57a4842cfea,e9e520a1e9d741819907586acbd3442d
23842cfc53704f9dbb95d57a4842cfea,d77cccc4bf1549bcacfb7a4a95bb1760
23842cfc53704f9dbb95d57a4842cfea,a758bda9ef6845469247a8553b8ee86f
23842cfc53704f9dbb95d57a4842cfea,0d1a43fbb7c9400698b1e91ccf54673f
23842cfc53704f9dbb95d57a4842cfea,7505ea136f8a46d79c8e7a990df30392
23842cfc53704f9dbb95d57a4842cfea,f15b6979a16f4f3db6b5e4a3bdeeb7dd
23842cfc53704f9dbb95d57a4842cfea,f6cde8b8d3ee47c0a77e2d649bf8b6f6
23842cfc53704f9dbb95d57a4842cfea,398d93162fd148d0aeb1d1e9ebb9c56d
23842cfc53704f9dbb95d57a4842cfea,1ab788388ebd4b6fa60577651604b331
23842cfc53704f9dbb95d57a4842cfea,1c89c11c6ae041e7bea64597a0dbae4a
23842cfc53704f9dbb95d57a4842cfea,9d79b10c85ed4290b2752b70e03d6b8c
23842cfc53704f9dbb95d57a4842cfea,286d0a60db5249a4979b44a31ea5c576
23842cfc53704f9dbb95d57a4842cfea,0271a27905b3425b85552f80a13618af
23842cfc53704f9dbb95d57a4842cfea,6804f8b34cd9457fb3f1bbd6ee0f4fa9
23842cfc53704f9dbb95d57a4842cfea,63922bbf8d604698ab5a32a076d32289
23842cfc53704f9dbb95d57a4842cfea,36216d0205894668b624f18d92e20c7a
23842cfc53704f9dbb95d57a4842cfea,b54a80bd62784cb7aa498208e730a68e
23842cfc53704f9dbb95d57a4842cfea,1009f4edd679418faf1532a0b77733ae
23842cfc53704f9dbb95d57a4842cfea,31763cb894a946c7919f172b6cfcbdbe
23842cfc53704f9dbb95d57a4842cfea,96f858317bf54f6886aecd9ce4407698
23842cfc53704f9dbb95d57a4842cfea,b0f6c44506444fb99e910dcc5836b5d8
23842cfc53704f9dbb95d57a4842cfea,7c3cf3a7025448f0a4a689737b297098
23842cfc53704f9dbb95d57a4842cfea,ca8cf29aedf74c94b131a9ac75f52895
23842cfc53704f9dbb95d57a4842cfea,5a9d2b57dec84ccfa0830cff51615de4
23842cfc53704f9dbb95d57a4842cfea,fee5ddf4175f490bb1778aef7a446c39
23842cfc53704f9dbb95d57a4842cfea,874cbc94cb104405aabd87fd8dcdc033
23842cfc53704f9dbb95d57a4842cfea,195c54c49d4d4a219bab1bf8813247f2
70f2353c62b345298f449f010e754443,ab8d405cfdab4faf83ffe7f83944a87b
70f2353c62b345298f449f010e754443,d77cccc4bf1549bcacfb7a4a95bb1760
70f2353c62b345298f449f010e754443,d45070ac8b37410883abb89e0cc55b80
70f2353c62b345298f449f010e754443,5ab05c3d0cab4527a1ac4b9ab894fa82
70f2353c62b345298f449f010e754443,e222b1ea1c824514aa24c9ab7eb1a06a
c1b73a8474054188ac49f53811c78189,ab8d405cfdab4faf83ffe7f83944a87b
c1b73a8474054188ac49f53811c78189,aa0a67c2e6314c2981bc92e23dbdccd5
c1b73a8474054188ac49f53811c78189,993d2a0f6492439e814de8905282f011
c1b73a8474054188ac49f53811c78189,8a1f2faec8f74c9292cf8b4fed922482
c1b73a8474054188ac49f53811c78189,23b2a4faac2e4662945d77fb5a2eebd0
c1b73a8474054188ac49f53811c78189,b9d984e161c64171a9018e02b03eab3e
c1b73a8474054188ac49f53811c78189,519eb4e9f02c45e3abe145cc8c147089
c1b73a8474054188ac49f53811c78189,219acb665346430889ee309d412cf65c
c1b73a8474054188ac49f53811c78189,7f5bc9e50fee45858f138c2f9308f890
c1b73a8474054188ac49f53811c78189,0df251f3b28c42a0b23628a1f478a3b2
c1b73a8474054188ac49f53811c78189,fb58aa2d8fbd40d1bc7602f7b81437fb
c1b73a8474054188ac49f53811c78189,b0f6c44506444fb99e910dcc5836b5d8
c1b73a8474054188ac49f53811c78189,96ed93bcfb6d4a2aade68c91520b9994
c1b73a8474054188ac49f53811c78189,b1488415466948b5bee3896efbc31fdd
c1b73a8474054188ac49f53811c78189,8735bcba1596438a92812e06851f6cc1
c1b73a8474054188ac49f53811c78189,d110a711882c450aab42977e67d13f9f
c1b73a8474054188ac49f53811c78189,dd718d1e5a1e4bbaaf3d89d5051a7502
414e3cd11cd84e549abe723567e8d931,5e941f7a8fb84cc098f8b08a843bde74
414e3cd11cd84e549abe723567e8d931,d7f9afe721af42b1a03a993909e0568c
414e3cd11cd84e549abe723567e8d931,8853344d5b4d4d61b8988bacb09b42e1
414e3cd11cd84e549abe723567e8d931,874cbc94cb104405aabd87fd8dcdc033
ac46767c35014e4c93869199d05ea956,985edda7364a4e42819a4d471b6f3321
ac46767c35014e4c93869199d05ea956,6147d7a3be4f4deda274c5d560ca12c5
ac46767c35014e4c93869199d05ea956,af98b799c7254c49b32121528f42502a
ac46767c35014e4c93869199d05ea956,65fb4a9a50bf4e99855877588590192f
ac46767c35014e4c93869199d05ea956,b5edd46809f147ad8aa0ff81429f1b0f
ac46767c35014e4c93869199d05ea956,729ab1c23fce471ca1bc3741bbbbdeb2
45b7c8a5647647df92de6f40d5f12682,e78f75c543e84e1c94da1801d8560f65
45b7c8a5647647df92de6f40d5f12682,563c36e6f603493f8eeebedbbda1d7f1
45b7c8a5647647df92de6f40d5f12682,3ed0bbf227e84d36ab2ab3acc28136a5
45b7c8a5647647df92de6f40d5f12682,ed9645ca33ee43e2a5a6894f333c6faf
45b7c8a5647647df92de6f40d5f12682,f7108d59869b41a79d2348b36455b37b
45b7c8a5647647df92de6f40d5f12682,a758bda9ef6845469247a8553b8ee86f
45b7c8a5647647df92de6f40d5f12682,c86c78c741804559a210af6969732131
45b7c8a5647647df92de6f40d5f12682,39dd15ddea2b42509156a49e961383e7
45b7c8a5647647df92de6f40d5f12682,2e70b6c48e2747378ec2abcf2f862372
45b7c8a5647647df92de6f40d5f12682,d00aa9ec6b1e47d49cc3cf2b05368cf2
45b7c8a5647647df92de6f40d5f12682,66719922807344f2b6539c32ae8d28d3
45b7c8a5647647df92de6f40d5f12682,a9816607755f42ae999c1cd0d29d4867
45b7c8a5647647df92de6f40d5f12682,b29f6a263ecb40a59b014c6b83c6a218
45b7c8a5647647df92de6f40d5f12682,819d3c6cfa2841ccaecc0984c72d080e
45b7c8a5647647df92de6f40d5f12682,f84f4eeb89ca4f33bb49aba338c89032
45b7c8a5647647df92de6f40d5f12682,8c8565b68fcb490d969aa869b999e200
45b7c8a5647647df92de6f40d5f12682,6eec6b36b98b4eb5b4d9c006fc152146
45b7c8a5647647df92de6f40d5f12682,6f5ec1119a404f65a119918eb743dee0
45b7c8a5647647df92de6f40d5f12682,8eaa6d5dc49e45f185a846440e5314c6
45b7c8a5647647df92de6f40d5f12682,85b5b44e9cc44acbb872a44ea3f92b43
45b7c8a5647647df92de6f40d5f12682,b8b03b83a6f94b6fa956c1d17818b17a
45b7c8a5647647df92de6f40d5f12682,ce524dd9934d4108b1844061a01d0888
45b7c8a5647647df92de6f40d5f12682,73037f870cc1484c8dc9519c1cca8db6
45b7c8a5647647df92de6f40d5f12682,ddabf98f8e474858bb678f395883f896
45b7c8a5647647df92de6f40d5f12682,cbea6a4f1dfa4293886eab34ed19da25
45b7c8a5647647df92de6f40d5f12682,ebe0b830ac4d4709bf268f8e0060be08
45b7c8a5647647df92de6f40d5f12682,6762c9b474e7480fa34c87cd9bdbba31
45b7c8a5647647df92de6f40d5f12682,5ec8bd2187b14c16bb28263fd1b38c40
45b7c8a5647647df92de6f40d5f12682,7a020efb0b2249699686353a743d7b31
45b7c8a5647647df92de6f40d5f12682,6c8bc766acb74585b6b19f31a2710eba
45b7c8a5647647df92de6f40d5f12682,ae8832c7bc7a4155a84a939304cbdf78
45b7c8a5647647df92de6f40d5f12682,dcffe989be294141a523d71f3908c6bb
45b7c8a5647647df92de6f40d5f12682,a8fc4a69e75840cba925ce3fc7c3af52
45b7c8a5647647df92de6f40d5f12682,61acb42e97ad443e8ae3d34bcf839e4c
45b7c8a5647647df92de6f40d5f12682,8d862da8b5514c4fbd746fc01da00756
45b7c8a5647647df92de6f40d5f12682,835cf9830e204e9d8d0e11cf5846a214
45b7c8a5647647df92de6f40d5f12682,80d89eeb86aa4d70a9b65288879b75de
45b7c8a5647647df92de6f40d5f12682,9bf67236d34743768be67bd789dc618e
45b7c8a5647647df92de6f40d5f12682,e4c00e5120764a88aaeba465e060c831
45b7c8a5647647df92de6f40d5f12682,2717036e108e486694d6a498e7c2d60c
45b7c8a5647647df92de6f40d5f12682,5b1531e1c92a41028b11e1dd0bd96e0a
45b7c8a5647647df92de6f40d5f12682,62d7966a329c4da0a30808ef0e2f40ca
45b7c8a5647647df92de6f40d5f12682,e3821201a1854e1ba86ed1d00e3f8523
45b7c8a5647647df92de6f40d5f12682,3d4b73a7b5704936a613a1cf4aa0e38e
45b7c8a5647647df92de6f40d5f12682,b326f9bf92c240398ff1ad888e95f8d8
45b7c8a5647647df92de6f40d5f12682,0fbea6a9235844a19c3f0f2c531912f3
45b7c8a5647647df92de6f40d5f12682,8a15b08f12974eba999adf504a3d560a
45b7c8a5647647df92de6f40d5f12682,d3c28b8241e643e2ba097e4a3e99c302
45b7c8a5647647df92de6f40d5f12682,375d5f18d0394d77a7411daf7b99bc0b
45b7c8a5647647df92de6f40d5f12682,78703a273580432cb8e5d88a22715fba
45b7c8a5647647df92de6f40d5f12682,44c98def686845f29460c9fffdd62cdc
45b7c8a5647647df92de6f40d5f12682,af98b799c7254c49b32121528f42502a
45b7c8a5647647df92de6f40d5f12682,fd626410f57b4514831769ac333c818b
45b7c8a5647647df92de6f40d5f12682,7c8178c3134c4253a2cfa82fd36a1479
45b7c8a5647647df92de6f40d5f12682,de83e95e64784fc7a81dbd2e4295d7f9
45b7c8a5647647df92de6f40d5f12682,03913cfd151f46a196786f5a21c87085
45b7c8a5647647df92de6f40d5f12682,3b932f9b7e9a4b208f3c465c62d206bb
45b7c8a5647647df92de6f40d5f12682,984de094ed3144a3b9e389a1b125465b
45b7c8a5647647df92de6f40d5f12682,899144674c394f31acf3aaa93c998099
45b7c8a5647647df92de6f40d5f12682,75c5c0f3e4674b1b9a10f1f365fb7cff
45b7c8a5647647df92de6f40d5f12682,e8b40b224fe04ed19b4e4bc8645f090c
45b7c8a5647647df92de6f40d5f12682,65840791d5554f549bfb8d73a545800c
45b7c8a5647647df92de6f40d5f12682,4e9fe7ffb54c42eba0987c6119da9975
45b7c8a5647647df92de6f40d5f12682,d11dfa57b86c41f69bc68e2b3d102637
45b7c8a5647647df92de6f40d5f12682,367991855c1d4a4b974f5bd4a501f4b5
45b7c8a5647647df92de6f40d5f12682,f619af58637d4095b206e1799d28dbb3
45b7c8a5647647df92de6f40d5f12682,88cd681507b8410b8ca4a3c5c1d8bd03
45b7c8a5647647df92de6f40d5f12682,3ad0416a423c4fa6844ac79467917eb8
45b7c8a5647647df92de6f40d5f12682,1009f4edd679418faf1532a0b77733ae
45b7c8a5647647df92de6f40d5f12682,734c4531785641e28aca7f86d4f02a38
45b7c8a5647647df92de6f40d5f12682,733003960d17445eb214ff8529b10c48
45b7c8a5647647df92de6f40d5f12682,8435fd16c86e492885acc2cf5b6e372a
45b7c8a5647647df92de6f40d5f12682,5768d6aa213949039ea328ef57308f9d
45b7c8a5647647df92de6f40d5f12682,506567148e9b454db830f6dd7d992b4d
45b7c8a5647647df92de6f40d5f12682,e7aa447971c347569e7ca905d4183f16
45b7c8a5647647df92de6f40d5f12682,b0f6c44506444fb99e910dcc5836b5d8
45b7c8a5647647df92de6f40d5f12682,bb896c6646784a1680bf197a78d4ab77
45b7c8a5647647df92de6f40d5f12682,5ec9d442785a423ab4c0bf1dd110071b
45b7c8a5647647df92de6f40d5f12682,c1d321e6557740f594302ca88b1fb73c
45b7c8a5647647df92de6f40d5f12682,cf25490065f24c63a4b94f6e60712d36
45b7c8a5647647df92de6f40d5f12682,fa9a126e63714641ae0145557a390cab
45b7c8a5647647df92de6f40d5f12682,ef92a101157e44f6b9fc3d16c65e8901
45b7c8a5647647df92de6f40d5f12682,5fc76ec033e2422baefbffa8183d0b30
45b7c8a5647647df92de6f40d5f12682,4acb5cf9630b45b383cbcc7508f943e9
45b7c8a5647647df92de6f40d5f12682,7b7fce5559964119878cd6de68472598
45b7c8a5647647df92de6f40d5f12682,3c3eeef51fc94f24b4ffc8cad04f0400
45b7c8a5647647df92de6f40d5f12682,a6d33c38902546849c36ea7e9e9f0870
45b7c8a5647647df92de6f40d5f12682,9cb19665bd694b1f822ae26a18fa3eba
45b7c8a5647647df92de6f40d5f12682,8b589083bdab40eca2c66541e6316b4c
45b7c8a5647647df92de6f40d5f12682,020b27caf2514094a158c719311ea379
45b7c8a5647647df92de6f40d5f12682,d6cbdc05e28140449e3deabe6f7693d1
45b7c8a5647647df92de6f40d5f12682,c67c5a9042d74949998558bcc97119ec
45b7c8a5647647df92de6f40d5f12682,af5ab70613e44eefad6112eef251d929
45b7c8a5647647df92de6f40d5f12682,c99d209de3a740d6b64805c038b77a30
45b7c8a5647647df92de6f40d5f12682,59dfb4c6e5bb42b4876b5b08dbaf2cdc
45b7c8a5647647df92de6f40d5f12682,a4f456a6b5f142aba3228335721c66ed
45b7c8a5647647df92de6f40d5f12682,c34d17b9958f401586f3ee72ee01382c
45b7c8a5647647df92de6f40d5f12682,df59997f4576482a9af22dbce2e2628b
45b7c8a5647647df92de6f40d5f12682,ca8cf29aedf74c94b131a9ac75f52895
45b7c8a5647647df92de6f40d5f12682,bd0f5326d1264c579485e9bb1bae1757
45b7c8a5647647df92de6f40d5f12682,3ecb8d88ea37432197abc557284c05f7
45b7c8a5647647df92de6f40d5f12682,1e9e0c3f6cec48b19279161789a4804f
45b7c8a5647647df92de6f40d5f12682,879913c4e7834763877c0fb66ccb48e5
45b7c8a5647647df92de6f40d5f12682,8c060e3423254e4db73d50b9409a03d0
45b7c8a5647647df92de6f40d5f12682,a223b3df0aaa4a5d83384d342fb3e34d
45b7c8a5647647df92de6f40d5f12682,8bb8525f08bf4bcf9aee41ae18470f8c
45b7c8a5647647df92de6f40d5f12682,bbbd0f43130b4364b8aa9a09606aa976
45b7c8a5647647df92de6f40d5f12682,d110a711882c450aab42977e67d13f9f
45b7c8a5647647df92de6f40d5f12682,2cd68be998474563bfe887ef25d1d509
45b7c8a5647647df92de6f40d5f12682,4c5aedc1d83f463581e68a6cf5d7f54e
45b7c8a5647647df92de6f40d5f12682,11df8341f9f64843bae56ccda1b95aed
45b7c8a5647647df92de6f40d5f12682,4703f63522e445cb87310906ca12c774
45b7c8a5647647df92de6f40d5f12682,2dc50943c8b04893a1e7e5ab1527945d
45b7c8a5647647df92de6f40d5f12682,bdf4c647ec5f4a7b9a914343fff07c71
45b7c8a5647647df92de6f40d5f12682,018ed03f99f949739335a319e7e7027d
f16d593910bf443598839021bbe97128,78d950de4a9c442394a7c196998fc392
f16d593910bf443598839021bbe97128,642328d3d46b44f4b515c7c47f305d02
f16d593910bf443598839021bbe97128,ab8d405cfdab4faf83ffe7f83944a87b
f16d593910bf443598839021bbe97128,bb541d3e2166462792dc851b3331a488
f16d593910bf443598839021bbe97128,5499f5704fcd464ea9cb89e0f73cdf66
f16d593910bf443598839021bbe97128,a3e10d5011324d11be25e4ce1547be0b
f16d593910bf443598839021bbe97128,c46a05667de8426c8e4d7718bd8adb17
f16d593910bf443598839021bbe97128,ff568f8a2b56477a9774776dc8838f58
f16d593910bf443598839021bbe97128,f3b499adc6154ec9b8371fe18671c0f8
f16d593910bf443598839021bbe97128,1eaac5c9cfb14b94935d2a2454e1c7ef
f16d593910bf443598839021bbe97128,11d90218c8994f589c76300a8cc9a5dc
f16d593910bf443598839021bbe97128,db8d0c76e89a4cd4adc28e2aa481f067
f16d593910bf443598839021bbe97128,60aa3fa89b7a43f1b3d2b3cbef6082ff
f16d593910bf443598839021bbe97128,f6f2033a8e7b45fb94fbee50263c0e0a
f16d593910bf443598839021bbe97128,f0c0173c88d345f9bc8e5792ff368789
f16d593910bf443598839021bbe97128,c7a063f637e34e98aa5399cb2be5ccb1
f16d593910bf443598839021bbe97128,9a61768640234833b4b238940ce17e2b
f16d593910bf443598839021bbe97128,b6919400597e4d89a712d061e6e687c9
f16d593910bf443598839021bbe97128,9fba3f7082d2433e87125567e89fed9d
f16d593910bf443598839021bbe97128,65e1b233c443411689b837b35602a02b
f16d593910bf443598839021bbe97128,81544cf60dc74616a7c40bc6989a46a4
f16d593910bf443598839021bbe97128,1aecfb36af824949a906d38e4d32aa4e
f16d593910bf443598839021bbe97128,b010af81954d41799df76d8b9115aa85
f16d593910bf443598839021bbe97128,32495c7c03d4461e8e2a3d6d28c61c8f
f16d593910bf443598839021bbe97128,1cdad970105449c4af632527125a1725
f16d593910bf443598839021bbe97128,a7171414011d47c5b1659ce04f622e1f
f16d593910bf443598839021bbe97128,a0ec34bef1bf4f1aa5c500fb74908539
f16d593910bf443598839021bbe97128,cbea6a4f1dfa4293886eab34ed19da25
f16d593910bf443598839021bbe97128,efb1b6dd2e9644d6b3466c33c1fb85e3
f16d593910bf443598839021bbe97128,fd5c010148f84cb4a5521ab4e9e4e2d2
f16d593910bf443598839021bbe97128,55216e8ef20c4a819a15dcb9df9af158
f16d593910bf443598839021bbe97128,d66a3bd92ada49b08ca4e7140da5cef5
f16d593910bf443598839021bbe97128,ed69d8e1e3b84aedb1334d68e591ff98
f16d593910bf443598839021bbe97128,70cddbedf51a454babc9611d799ccfb8
f16d593910bf443598839021bbe97128,e2f7654965884497817a84a7704f70dd
f16d593910bf443598839021bbe97128,68a4f3184dd945cb86c583fe26b7f172
f16d593910bf443598839021bbe97128,3a67d0cf95d64df18f9968aa6803ec32
f16d593910bf443598839021bbe97128,812d1e035be34ebdace153ad90a2a5b2
f16d593910bf443598839021bbe97128,ef808a8305b744fc94c14f8d44b042d7
f16d593910bf443598839021bbe97128,42e9647b83164e09a9df8724b3f62e63
f16d593910bf443598839021bbe97128,a48ce3eed4ca43439066add35ea28b89
f16d593910bf443598839021bbe97128,fe17436edd8947acbef4b1b89543b5e4
f16d593910bf443598839021bbe97128,9bb8ea3919e841128c010da86c90f31a
f16d593910bf443598839021bbe97128,80ac406209eb40bb9614c3013d1328b3
f16d593910bf443598839021bbe97128,2717036e108e486694d6a498e7c2d60c
f16d593910bf443598839021bbe97128,2d28116024614171b08b3996e2beceb1
f16d593910bf443598839021bbe97128,db64df441a0046bda9e61d0bf34d6de7
f16d593910bf443598839021bbe97128,62d7966a329c4da0a30808ef0e2f40ca
f16d593910bf443598839021bbe97128,eb5f8da223104e17a412a512158b090e
f16d593910bf443598839021bbe97128,01d85b9badfb44f2954b5990c668556e
f16d593910bf443598839021bbe97128,fedfb35945794a55abd4def0c0b71110
f16d593910bf443598839021bbe97128,83fba8f419d84e578e461be7d079a736
f16d593910bf443598839021bbe97128,ff32501104e64a18a0af82f367776c3b
f16d593910bf443598839021bbe97128,8178bf6b673b43faa120d39bcdda50c6
f16d593910bf443598839021bbe97128,a3cc33c083ee4b99a18e89e56399a8a3
f16d593910bf443598839021bbe97128,e222b1ea1c824514aa24c9ab7eb1a06a
f16d593910bf443598839021bbe97128,a3368f6fce4b4f34979bfc1a251ca505
f16d593910bf443598839021bbe97128,c4fa1bf1b1294bc79eae31ff8dcd1b82
f16d593910bf443598839021bbe97128,d567f22dc7e14b4289fca47c45d436a4
f16d593910bf443598839021bbe97128,272bbb3460454ebbb49c7d7c48948b42
f16d593910bf443598839021bbe97128,0ccaa650f97d4a229401aecec2262fc7
f16d593910bf443598839021bbe97128,805be686e6ed4256976b9e5d3c641c22
f16d593910bf443598839021bbe97128,de83e95e64784fc7a81dbd2e4295d7f9
f16d593910bf443598839021bbe97128,a57b872432684559923fd75838fc2f1b
f16d593910bf443598839021bbe97128,9c0fb23a8594453eac1866fed83cb0e6
f16d593910bf443598839021bbe97128,31b5afc85bfc4c189cec34854faf7e28
f16d593910bf443598839021bbe97128,5044c998c6fc432fa5e107b23f53d60f
f16d593910bf443598839021bbe97128,ba16da0cc5cf403b9222e9687a9782c2
f16d593910bf443598839021bbe97128,5d5e9f5f57924e978f24ffb3340014b4
f16d593910bf443598839021bbe97128,1009f4edd679418faf1532a0b77733ae
f16d593910bf443598839021bbe97128,cd109a09ed9847288e86826d73e958a4
f16d593910bf443598839021bbe97128,bbc3d1a14a6d46d4abc22a30527b36bb
f16d593910bf443598839021bbe97128,11028ffe4bc5451d88af975ff5f45c11
f16d593910bf443598839021bbe97128,993491dcddd84adab4d341ff5ae7bb83
f16d593910bf443598839021bbe97128,0ee345a8f388419da128c365fc84d476
f16d593910bf443598839021bbe97128,d1e7ec30034a4a3d85fbbbe07e5c2b08
f16d593910bf443598839021bbe97128,b0f6c44506444fb99e910dcc5836b5d8
f16d593910bf443598839021bbe97128,ffb173e350b84588b3b4d8920675459c
f16d593910bf443598839021bbe97128,77f80c592fa84a4f8d1d569b817abd8d
f16d593910bf443598839021bbe97128,e5f0572009394739a65412bd525f5a39
f16d593910bf443598839021bbe97128,b38343dbc2414976816d4052bf3677dd
f16d593910bf443598839021bbe97128,37d83c878c43437ebf024167fa712fcb
f16d593910bf443598839021bbe97128,883230167aea4099bf80184c0cd54e68
f16d593910bf443598839021bbe97128,d0c0700a25c548b9b09273bc127c51c3
f16d593910bf443598839021bbe97128,4400843986c34259a55b2c239492bccf
f16d593910bf443598839021bbe97128,d7f9afe721af42b1a03a993909e0568c
f16d593910bf443598839021bbe97128,887c5a142b42466fb74740d72989fc74
f16d593910bf443598839021bbe97128,8ca0e5cb0ee743b792d90022587c1779
f16d593910bf443598839021bbe97128,723c8b006cec404ea97f3f6c685529c8
f16d593910bf443598839021bbe97128,a129cc72e73c4930b64b739eafc6aa79
f16d593910bf443598839021bbe97128,5ebfe69b0109473598a711584dd863de
f16d593910bf443598839021bbe97128,69c72e6794ee493e9bbd3e8c7011985a
f16d593910bf443598839021bbe97128,2b09bea56b274aaea5b502987cf1d95c
f16d593910bf443598839021bbe97128,c99d209de3a740d6b64805c038b77a30
f16d593910bf443598839021bbe97128,0e537e5202c8456789cb108b248ea126
f16d593910bf443598839021bbe97128,bae66b5f5e7c462ab6fcbb65529b62ae
f16d593910bf443598839021bbe97128,834258258e1b444bbd61d83c28fcea21
f16d593910bf443598839021bbe97128,0f3848f8f5d84874b1da30acf4d58946
f16d593910bf443598839021bbe97128,eed45c57509f49aa98656dc964d9aece
f16d593910bf443598839021bbe97128,bee65000a6df4618bad437b807cbfcd7
f16d593910bf443598839021bbe97128,df59997f4576482a9af22dbce2e2628b
f16d593910bf443598839021bbe97128,8184a78118104fd9990ebd91dc25fc7d
f16d593910bf443598839021bbe97128,2f9b97d81e4945ec8e545477bfd9a856
f16d593910bf443598839021bbe97128,986a6efc73f840a9947e81f6b7aaf38a
f16d593910bf443598839021bbe97128,42408798c75348cc9e9a244eef5fcb67
f16d593910bf443598839021bbe97128,5f95b0ac821e4e8e9b4fa9fc8eb9ff61
f16d593910bf443598839021bbe97128,a69f20cc5f724bd3b59d16e97c11cfe1
f16d593910bf443598839021bbe97128,72b581975a4f4d77aa4409dea3c45a89
f16d593910bf443598839021bbe97128,4d4acb69dec94fe78760dfad8fe54490
f16d593910bf443598839021bbe97128,a321c16494714ee9964a24c5a66b9b33
f16d593910bf443598839021bbe97128,b4926fad7b05486789cd351b1f838702
f16d593910bf443598839021bbe97128,f5662719240f4f27a769b192a7536bc9
f16d593910bf443598839021bbe97128,ded9c4b23cf849e486f978489c8db362
f16d593910bf443598839021bbe97128,83f2f05cbbfe4b8c88b9758c15ab803a
f16d593910bf443598839021bbe97128,eade66f4c07a4316b01e34d82e4b836a
f16d593910bf443598839021bbe97128,f39cc7150d1c40c3a401472af25ec9d7
f16d593910bf443598839021bbe97128,c7bf019f041c4f2cae8f8ed89d16ae85
d692245208e248e49625d76f6b932aff,98c74ae7492a43c1b60447d24b2cc453
d692245208e248e49625d76f6b932aff,5e3a7261d20247f18e5b0ff9352cb6cc
d692245208e248e49625d76f6b932aff,fd5c010148f84cb4a5521ab4e9e4e2d2
d692245208e248e49625d76f6b932aff,b7ccfcc824e14980a11c3209e1833dc2
d692245208e248e49625d76f6b932aff,a3e10d5011324d11be25e4ce1547be0b
d692245208e248e49625d76f6b932aff,fa5376e6745144e7baffcfaea3c681c7
d692245208e248e49625d76f6b932aff,0a1b9fe9285e420e83fa7490af3afcdd
d692245208e248e49625d76f6b932aff,137167147fce46fb8531d7111c0055ba
d692245208e248e49625d76f6b932aff,89fda5b22bc24ca1917d9f161eb259bb
d692245208e248e49625d76f6b932aff,747ac6263b4349a4ad1c5d9c3584b8c4
d692245208e248e49625d76f6b932aff,5fc4a2e4ab464675b57902bdc1aa83cd
d692245208e248e49625d76f6b932aff,f434bf32465d425faab40aebf4d6eed0
d692245208e248e49625d76f6b932aff,c05c97e69b6841c6aa3ab5e308ce0219
d692245208e248e49625d76f6b932aff,9fba3f7082d2433e87125567e89fed9d
d692245208e248e49625d76f6b932aff,73d9a7bd95924d37b32e979fc0cb2ea7
d692245208e248e49625d76f6b932aff,7cd9be3b469f4008904ef728b0bc750a
d692245208e248e49625d76f6b932aff,b82924571c124f7aaa68ebb050846cfb
d692245208e248e49625d76f6b932aff,be095af0060a47a8ba89b9e5d8ac7be5
d692245208e248e49625d76f6b932aff,3a67d0cf95d64df18f9968aa6803ec32
d692245208e248e49625d76f6b932aff,812d1e035be34ebdace153ad90a2a5b2
d692245208e248e49625d76f6b932aff,42e9647b83164e09a9df8724b3f62e63
d692245208e248e49625d76f6b932aff,2717036e108e486694d6a498e7c2d60c
d692245208e248e49625d76f6b932aff,e05d026c54b6426f8b3845bdf272d0a4
d692245208e248e49625d76f6b932aff,83fba8f419d84e578e461be7d079a736
d692245208e248e49625d76f6b932aff,0419379c68ca4006b16f3b62638e2d34
d692245208e248e49625d76f6b932aff,9a9974b85262492aa7e3171dfed7ed6c
d692245208e248e49625d76f6b932aff,93c666e1ef2a4615934620412f4b6203
d692245208e248e49625d76f6b932aff,394966a557d94bdabe808f0e59641679
d692245208e248e49625d76f6b932aff,8184a78118104fd9990ebd91dc25fc7d
d692245208e248e49625d76f6b932aff,993491dcddd84adab4d341ff5ae7bb83
d692245208e248e49625d76f6b932aff,2dd6c9004f8743da82e7bc9770732dbe
d692245208e248e49625d76f6b932aff,4400843986c34259a55b2c239492bccf
d692245208e248e49625d76f6b932aff,6b6a096c01df44719a48d71346f25df3
d692245208e248e49625d76f6b932aff,6ee62d4cf8374f5c8b9edf0b617b6b39
d692245208e248e49625d76f6b932aff,4af34194a4c8466d9ffa8c4d9617b1af
d692245208e248e49625d76f6b932aff,b8a1f9a434ea412dad6ecba6c36d7f4b
d692245208e248e49625d76f6b932aff,b953259a728540d0929ea756b89541fc
d692245208e248e49625d76f6b932aff,834258258e1b444bbd61d83c28fcea21
d692245208e248e49625d76f6b932aff,bee65000a6df4618bad437b807cbfcd7
d692245208e248e49625d76f6b932aff,2f9b97d81e4945ec8e545477bfd9a856
d692245208e248e49625d76f6b932aff,986a6efc73f840a9947e81f6b7aaf38a
d692245208e248e49625d76f6b932aff,174433585d45452a874398da8a4abe24
d692245208e248e49625d76f6b932aff,b4926fad7b05486789cd351b1f838702
d692245208e248e49625d76f6b932aff,c7bf019f041c4f2cae8f8ed89d16ae85
0b3cdc7e092041f4b8cf680bb1064144,34658a9edacd45968553449fe4fea212
0b3cdc7e092041f4b8cf680bb1064144,bff374a796984bb59eb88507a093197b
0b3cdc7e092041f4b8cf680bb1064144,1eaac5c9cfb14b94935d2a2454e1c7ef
0b3cdc7e092041f4b8cf680bb1064144,c05c97e69b6841c6aa3ab5e308ce0219
0b3cdc7e092041f4b8cf680bb1064144,d88552308245452097227ffc5385d8d2
0b3cdc7e092041f4b8cf680bb1064144,a0ec34bef1bf4f1aa5c500fb74908539
0b3cdc7e092041f4b8cf680bb1064144,d44af31439ce4acfa3514a57123b1f59
0b3cdc7e092041f4b8cf680bb1064144,2717036e108e486694d6a498e7c2d60c
0b3cdc7e092041f4b8cf680bb1064144,3339079a1ce1489092bba750e0c7a2b6
0b3cdc7e092041f4b8cf680bb1064144,1009f4edd679418faf1532a0b77733ae
0b3cdc7e092041f4b8cf680bb1064144,3c3eeef51fc94f24b4ffc8cad04f0400
0b3cdc7e092041f4b8cf680bb1064144,46176015ecd04359962cadee15ffb495
0b3cdc7e092041f4b8cf680bb1064144,a7730a0f42cb4cd6805cecc03ec2df0a
0b3cdc7e092041f4b8cf680bb1064144,24217592176f4254a906c42bb4c44b35
0b3cdc7e092041f4b8cf680bb1064144,c99d209de3a740d6b64805c038b77a30
0b3cdc7e092041f4b8cf680bb1064144,bee65000a6df4618bad437b807cbfcd7
0b3cdc7e092041f4b8cf680bb1064144,8184a78118104fd9990ebd91dc25fc7d
0b3cdc7e092041f4b8cf680bb1064144,f4575c65c4db4f789708c690270d0cb8
0b3cdc7e092041f4b8cf680bb1064144,51135609fb0d4283ac30c90b4e730b02
0b3cdc7e092041f4b8cf680bb1064144,018ed03f99f949739335a319e7e7027d
0b3cdc7e092041f4b8cf680bb1064144,80f59c28c95644af84fa0234dcd9f806
fdb6a122e8474580a5d109c8c8933f3c,4d96ef38ce6940968e5a7ac8e2e962fe
fdb6a122e8474580a5d109c8c8933f3c,79ed1c2f3e2e434280b57fb89b797dc8
fdb6a122e8474580a5d109c8c8933f3c,20cadbf6b1494430b16230de160e2e89
fdb6a122e8474580a5d109c8c8933f3c,b521e23e7487498c9ee2e3665f582beb
fdb6a122e8474580a5d109c8c8933f3c,ab429283cf9c4ff9a8495816a02c7778
fdb6a122e8474580a5d109c8c8933f3c,ca1b6eebf9104b73aa74196766036003
fdb6a122e8474580a5d109c8c8933f3c,83cbb39004f84549b136b0707174c5e7
fdb6a122e8474580a5d109c8c8933f3c,37c6fa5a936b48e5a195672e3cc08a4a
fdb6a122e8474580a5d109c8c8933f3c,bee65000a6df4618bad437b807cbfcd7
fdb6a122e8474580a5d109c8c8933f3c,107527abc3bb4a99a4fbe4e7be613994
fdb6a122e8474580a5d109c8c8933f3c,c7bf019f041c4f2cae8f8ed89d16ae85
e224f030cc34477ba50994ba33a2f29f,f3ceea9e4e8a4863a0c1acd34116a780
e224f030cc34477ba50994ba33a2f29f,ea2a7f0061c1481a8441d5e2e35b0b64
e224f030cc34477ba50994ba33a2f29f,b0f6c44506444fb99e910dcc5836b5d8
e224f030cc34477ba50994ba33a2f29f,1944a9ee57154bc38f9efac7d2c00f58
e224f030cc34477ba50994ba33a2f29f,06e89d479a744b95a3ca83f94c950c86
e224f030cc34477ba50994ba33a2f29f,52bf89af30674c8a9c0e460dbcc2f82d
febfa8fcd364484487a245d32dbe24f7,b0f6c44506444fb99e910dcc5836b5d8
febfa8fcd364484487a245d32dbe24f7,2dcba5d9dde843408f64ad430319d14b
febfa8fcd364484487a245d32dbe24f7,f4575c65c4db4f789708c690270d0cb8
febfa8fcd364484487a245d32dbe24f7,7d2ef5aec2d844e296c247c892713a51
fc44b18cb5aa4ead87515171d48ced27,69b9668a07da4668b7e8fa079c76d197
fc44b18cb5aa4ead87515171d48ced27,e61e9040ccb644a39cdd3133f0729161
fc44b18cb5aa4ead87515171d48ced27,b92d2a8825004722a1474f007e22cc2d
fc44b18cb5aa4ead87515171d48ced27,1c89c11c6ae041e7bea64597a0dbae4a
fc44b18cb5aa4ead87515171d48ced27,fafbafbe8d544f67b2a09e4aacb849d2
fc44b18cb5aa4ead87515171d48ced27,a381aed31fdc4617bc811b49ed6427bc
fc44b18cb5aa4ead87515171d48ced27,33099fe4201b45189a853e6c7521af33
fc44b18cb5aa4ead87515171d48ced27,e097c8bf5d3d4dfd8b29659324415595
fc44b18cb5aa4ead87515171d48ced27,dfb77746997c4f6db9912950074f6e7d
fc44b18cb5aa4ead87515171d48ced27,6a551fda6a564e0698999e2edf0049dd
fc44b18cb5aa4ead87515171d48ced27,5f4b23b47304481abd3ce9263b2a43d8
fc44b18cb5aa4ead87515171d48ced27,e7ceb0856c03495b8dec2166b500184e
fc44b18cb5aa4ead87515171d48ced27,0e428c84815e449099d99242ad00fba4
fc44b18cb5aa4ead87515171d48ced27,373c3ab4e8764e1390283df017309217
fc44b18cb5aa4ead87515171d48ced27,63f564443b6f492e9bf1dac67e76e228
fc44b18cb5aa4ead87515171d48ced27,f5e0f64948a44d378f6816a585bb50ef
fc44b18cb5aa4ead87515171d48ced27,f1d41119a9b0479ca96b51f35a7234a3
fc44b18cb5aa4ead87515171d48ced27,764e70e1ee9c4f239f9884a58848812c
fc44b18cb5aa4ead87515171d48ced27,f358e503682447a18d3ccb4dd942df94
fc44b18cb5aa4ead87515171d48ced27,5bf77e33c16d4d319dff64913ac89e38
fc44b18cb5aa4ead87515171d48ced27,1970a338323d4358b7b30c5f82dd6525
fc44b18cb5aa4ead87515171d48ced27,4fb72a6981f7434db6002aa5e42816e5
d1974b33f9744683a13ce46e203e2819,ab8d405cfdab4faf83ffe7f83944a87b
d1974b33f9744683a13ce46e203e2819,a9d82ebbd59f4f239d92d960c86d96b3
d1974b33f9744683a13ce46e203e2819,f9898b74e90f497aa4264b1e02aada69
d1974b33f9744683a13ce46e203e2819,6b23af877bea4a958da7d0e60c214b90
d1974b33f9744683a13ce46e203e2819,73037f870cc1484c8dc9519c1cca8db6
d1974b33f9744683a13ce46e203e2819,ed69d8e1e3b84aedb1334d68e591ff98
d1974b33f9744683a13ce46e203e2819,c6f450007c514a8aa9f588a288bf41d2
d1974b33f9744683a13ce46e203e2819,a299abbd433141cfa8cd081cf0ec2e89
d1974b33f9744683a13ce46e203e2819,a2a3490912f9435b82172850e907c1c7
d1974b33f9744683a13ce46e203e2819,5f4b23b47304481abd3ce9263b2a43d8
d1974b33f9744683a13ce46e203e2819,f59bbf7770884a82a9d4e57d4c407fcb
d1974b33f9744683a13ce46e203e2819,b0f6c44506444fb99e910dcc5836b5d8
d1974b33f9744683a13ce46e203e2819,24ddd9054e774b51bb92ab4d8668659f
d1974b33f9744683a13ce46e203e2819,3c3eeef51fc94f24b4ffc8cad04f0400
d1974b33f9744683a13ce46e203e2819,00a4e4e6d6654b7f81d4b9be65008dc4
d1974b33f9744683a13ce46e203e2819,a6d33c38902546849c36ea7e9e9f0870
d1974b33f9744683a13ce46e203e2819,0f3848f8f5d84874b1da30acf4d58946
d1974b33f9744683a13ce46e203e2819,fb0897958e1f4f18b04e8af057012b53
d1974b33f9744683a13ce46e203e2819,df59997f4576482a9af22dbce2e2628b
d1974b33f9744683a13ce46e203e2819,3ecb8d88ea37432197abc557284c05f7
d1974b33f9744683a13ce46e203e2819,018ed03f99f949739335a319e7e7027d
df78fe697f3b41068d2efc3654f5e707,eff060d66bc345bf9e15e0ee385143b4
df78fe697f3b41068d2efc3654f5e707,ab8d405cfdab4faf83ffe7f83944a87b
df78fe697f3b41068d2efc3654f5e707,34c54169da7c4ec194ba47e2c398e819
df78fe697f3b41068d2efc3654f5e707,02fd718863804d348f3afa7a569070c4
df78fe697f3b41068d2efc3654f5e707,4e173862084b4c5cbbd8b7a666bdbc10
df78fe697f3b41068d2efc3654f5e707,9e3c3ab398c54fc58f6c9167987633b7
df78fe697f3b41068d2efc3654f5e707,11d90218c8994f589c76300a8cc9a5dc
df78fe697f3b41068d2efc3654f5e707,4fc6730b964a470495803c056671ad99
df78fe697f3b41068d2efc3654f5e707,0b8b4845c33042dd905e7651d60a34c6
df78fe697f3b41068d2efc3654f5e707,60aa3fa89b7a43f1b3d2b3cbef6082ff
df78fe697f3b41068d2efc3654f5e707,b521e8a4e4d747dfb2bcfe43f2fd5991
df78fe697f3b41068d2efc3654f5e707,0db22c0f4ea949ed8c48884aac381641
df78fe697f3b41068d2efc3654f5e707,aa0a67c2e6314c2981bc92e23dbdccd5
df78fe697f3b41068d2efc3654f5e707,1932eb394e544281ba0db2a63ee86560
df78fe697f3b41068d2efc3654f5e707,e79fc35612624d108d345237f85975df
df78fe697f3b41068d2efc3654f5e707,55216e8ef20c4a819a15dcb9df9af158
df78fe697f3b41068d2efc3654f5e707,4a91e036c35441969a2ca43702f573d8
df78fe697f3b41068d2efc3654f5e707,e2f7654965884497817a84a7704f70dd
df78fe697f3b41068d2efc3654f5e707,45a6959f5c1a4fafb54124c74c0780db
df78fe697f3b41068d2efc3654f5e707,97da3942e54140a5b8fd088267b7482c
df78fe697f3b41068d2efc3654f5e707,cff9a9679be1434f93afd0caadea94bd
df78fe697f3b41068d2efc3654f5e707,05efc4cf47b647d593538c7aee65638a
df78fe697f3b41068d2efc3654f5e707,3d4b73a7b5704936a613a1cf4aa0e38e
df78fe697f3b41068d2efc3654f5e707,1ab788388ebd4b6fa60577651604b331
df78fe697f3b41068d2efc3654f5e707,e535ea97f596484ea95f071925385df5
df78fe697f3b41068d2efc3654f5e707,9a8ea09cba3748fba69487960ee8f73c
df78fe697f3b41068d2efc3654f5e707,6eea5dfd878346fdbd49e0b2b35cc4f6
df78fe697f3b41068d2efc3654f5e707,67c0b63d3f1643e08b42eea8922774c1
df78fe697f3b41068d2efc3654f5e707,849e4d18a75e4670b0eca034f0797671
df78fe697f3b41068d2efc3654f5e707,5f4b23b47304481abd3ce9263b2a43d8
df78fe697f3b41068d2efc3654f5e707,2a2b8c30111043ed9c5f908ff1d8d589
df78fe697f3b41068d2efc3654f5e707,fcf74a00ac844d8a8a11e481a4f1489e
df78fe697f3b41068d2efc3654f5e707,fe9ef9608b084c43b5303f2f1513ebe7
df78fe697f3b41068d2efc3654f5e707,5a14109840c24b21b81eec989db259f6
df78fe697f3b41068d2efc3654f5e707,878c70b861704c0981bce6ae477e09f7
df78fe697f3b41068d2efc3654f5e707,0bf8130e0fd94533a55b18f25f4c7752
df78fe697f3b41068d2efc3654f5e707,b0f6c44506444fb99e910dcc5836b5d8
df78fe697f3b41068d2efc3654f5e707,cf25490065f24c63a4b94f6e60712d36
df78fe697f3b41068d2efc3654f5e707,247dbef289b242b4a054b933734aa80a
df78fe697f3b41068d2efc3654f5e707,24ddd9054e774b51bb92ab4d8668659f
df78fe697f3b41068d2efc3654f5e707,3c3eeef51fc94f24b4ffc8cad04f0400
df78fe697f3b41068d2efc3654f5e707,a6d33c38902546849c36ea7e9e9f0870
df78fe697f3b41068d2efc3654f5e707,5ebfe69b0109473598a711584dd863de
df78fe697f3b41068d2efc3654f5e707,e3e0ef78006d440c892e26cfca963dd0
df78fe697f3b41068d2efc3654f5e707,f393a283ab35448eadf2d2b99d41ee70
df78fe697f3b41068d2efc3654f5e707,834258258e1b444bbd61d83c28fcea21
df78fe697f3b41068d2efc3654f5e707,1144880a2cda4f4daf5bcf35b50cbeb8
df78fe697f3b41068d2efc3654f5e707,aad90ef8da084259980f2478c71ab019
df78fe697f3b41068d2efc3654f5e707,59f4fb5e64cc420ea27a30fddbe392c5
df78fe697f3b41068d2efc3654f5e707,29477d85b65d4e37a754a83f2f779790
df78fe697f3b41068d2efc3654f5e707,1970a338323d4358b7b30c5f82dd6525
df78fe697f3b41068d2efc3654f5e707,8c060e3423254e4db73d50b9409a03d0
df78fe697f3b41068d2efc3654f5e707,558f65816fc94df0b7a4c92273a57943
df78fe697f3b41068d2efc3654f5e707,89b0bf5521a64ea5a8b56895d36a96f9
df78fe697f3b41068d2efc3654f5e707,d781e009eb164137bb4fd4599e8e1d6a
df78fe697f3b41068d2efc3654f5e707,6cb41c886a944b1786d995afccb7d970
df78fe697f3b41068d2efc3654f5e707,c39f2c378b4242dea6dc658749ba7e03
df78fe697f3b41068d2efc3654f5e707,b3c7e071d35141b4849c5d2bbe1c42b9
ec1b5a43e9794f67b9761b0840a02c26,e2f7654965884497817a84a7704f70dd
ec1b5a43e9794f67b9761b0840a02c26,e1d02f0f7b4d469b9778154eb5919ce6
ec1b5a43e9794f67b9761b0840a02c26,96ed93bcfb6d4a2aade68c91520b9994
ec1b5a43e9794f67b9761b0840a02c26,e03217f18c3c471ea8752937192af01e
ec1b5a43e9794f67b9761b0840a02c26,d76c7a552a64452997fb43b3a0215ac1
ec1b5a43e9794f67b9761b0840a02c26,1009f4edd679418faf1532a0b77733ae
ec1b5a43e9794f67b9761b0840a02c26,5768d6aa213949039ea328ef57308f9d
ec1b5a43e9794f67b9761b0840a02c26,b0f6c44506444fb99e910dcc5836b5d8
ec1b5a43e9794f67b9761b0840a02c26,cf25490065f24c63a4b94f6e60712d36
ec1b5a43e9794f67b9761b0840a02c26,9e90c659a3e34be28c3b97695f1cf518
ec1b5a43e9794f67b9761b0840a02c26,c34d17b9958f401586f3ee72ee01382c
ec1b5a43e9794f67b9761b0840a02c26,c146d548990a46fda2fd1ad7531b8c1f
ec1b5a43e9794f67b9761b0840a02c26,89b0bf5521a64ea5a8b56895d36a96f9
ec1b5a43e9794f67b9761b0840a02c26,dfac06ffcb18454d8f823909257988e1
ec1b5a43e9794f67b9761b0840a02c26,bbb3ed6574a543968928e46447dabefd
bd88fd4be76e4940b259cfd19dc737a2,5c55b881a94c4994882569aab1f022ff
bd88fd4be76e4940b259cfd19dc737a2,83fba8f419d84e578e461be7d079a736
bd88fd4be76e4940b259cfd19dc737a2,5f4b23b47304481abd3ce9263b2a43d8
bd88fd4be76e4940b259cfd19dc737a2,b0f6c44506444fb99e910dcc5836b5d8
bd88fd4be76e4940b259cfd19dc737a2,37d83c878c43437ebf024167fa712fcb
bd88fd4be76e4940b259cfd19dc737a2,4c5aedc1d83f463581e68a6cf5d7f54e
bd88fd4be76e4940b259cfd19dc737a2,bddba762585f4e86889a2d31370fa37f
bd88fd4be76e4940b259cfd19dc737a2,d110a711882c450aab42977e67d13f9f
bd88fd4be76e4940b259cfd19dc737a2,c196b23232d641f28655f836c0994642
bd88fd4be76e4940b259cfd19dc737a2,470fa349f1294078a5ad7f78df346559
2db32f76e5524d57ace1012aa9fe1125,d77cccc4bf1549bcacfb7a4a95bb1760
2db32f76e5524d57ace1012aa9fe1125,02fd718863804d348f3afa7a569070c4
2db32f76e5524d57ace1012aa9fe1125,54bae893d0dd48029237e233e201061f
2db32f76e5524d57ace1012aa9fe1125,ca1b6eebf9104b73aa74196766036003
2db32f76e5524d57ace1012aa9fe1125,fb188200f423415e8f8bf815173786e6
2db32f76e5524d57ace1012aa9fe1125,835cf9830e204e9d8d0e11cf5846a214
2db32f76e5524d57ace1012aa9fe1125,2717036e108e486694d6a498e7c2d60c
2db32f76e5524d57ace1012aa9fe1125,62d7966a329c4da0a30808ef0e2f40ca
2db32f76e5524d57ace1012aa9fe1125,5e45579b5e3542f2922574f59117c76d
2db32f76e5524d57ace1012aa9fe1125,282494c0323b4bc083df8997c3897d5c
2db32f76e5524d57ace1012aa9fe1125,77f80c592fa84a4f8d1d569b817abd8d
2db32f76e5524d57ace1012aa9fe1125,42522f0fa68b4d32a5a775b3fc8a1cc6
2db32f76e5524d57ace1012aa9fe1125,02aab9809abc442bb9ee99c20c41e757
2db32f76e5524d57ace1012aa9fe1125,11df8341f9f64843bae56ccda1b95aed
2db32f76e5524d57ace1012aa9fe1125,018ed03f99f949739335a319e7e7027d
55e6f99b63e24b2ea21b99d31064717b,a9d82ebbd59f4f239d92d960c86d96b3
55e6f99b63e24b2ea21b99d31064717b,a6d3bf9eda15415195cf93929d36dc81
55e6f99b63e24b2ea21b99d31064717b,b1dcb1aeac3644a9a8a68f766665315f
55e6f99b63e24b2ea21b99d31064717b,df564aed234d49fea42828e96d68673d
55e6f99b63e24b2ea21b99d31064717b,f30a6b66d82b47e5bceddda63adf0e28
c8ec0ba0966b4eba8f50e1a279742e8e,5d5e9f5f57924e978f24ffb3340014b4
c8ec0ba0966b4eba8f50e1a279742e8e,f4a4d85760ef42f0bf1ad7ac105d7048
c8ec0ba0966b4eba8f50e1a279742e8e,b6282c67befb4c368fef5fd419074b2e
e6780d7982c14f9aba3fdf8bee66a2ad,e78f75c543e84e1c94da1801d8560f65
e6780d7982c14f9aba3fdf8bee66a2ad,16cd80d180bc4b16a8d2fefc865d8129
e6780d7982c14f9aba3fdf8bee66a2ad,a9d82ebbd59f4f239d92d960c86d96b3
e6780d7982c14f9aba3fdf8bee66a2ad,d50218bb5cab447781d381c279abe605
e6780d7982c14f9aba3fdf8bee66a2ad,e6ddb2cd02064ecdba10cbadccfa42f5
e6780d7982c14f9aba3fdf8bee66a2ad,68753802e3284a1ebf879ce5f2f4e70a
e6780d7982c14f9aba3fdf8bee66a2ad,c7a063f637e34e98aa5399cb2be5ccb1
e6780d7982c14f9aba3fdf8bee66a2ad,d4135e6a08a545478f4783251caa6104
e6780d7982c14f9aba3fdf8bee66a2ad,b8b03b83a6f94b6fa956c1d17818b17a
e6780d7982c14f9aba3fdf8bee66a2ad,5b5b4f7ea55141f2bdec3ab6dd6151f7
e6780d7982c14f9aba3fdf8bee66a2ad,37c6fa5a936b48e5a195672e3cc08a4a
e6780d7982c14f9aba3fdf8bee66a2ad,08be8b388281440586c8d9be3a72217d
e6780d7982c14f9aba3fdf8bee66a2ad,3a67d0cf95d64df18f9968aa6803ec32
e6780d7982c14f9aba3fdf8bee66a2ad,a48ce3eed4ca43439066add35ea28b89
e6780d7982c14f9aba3fdf8bee66a2ad,dc54d9e5946b4acab37dba2ac05480e5
e6780d7982c14f9aba3fdf8bee66a2ad,2d55ccfe8ec6414f88d3534c77473ee8
e6780d7982c14f9aba3fdf8bee66a2ad,3d4b73a7b5704936a613a1cf4aa0e38e
e6780d7982c14f9aba3fdf8bee66a2ad,8c055fd0a9404c73b76d8e7eb5ffe7c8
e6780d7982c14f9aba3fdf8bee66a2ad,cdceddf41de84bbe9677c2530662e921
e6780d7982c14f9aba3fdf8bee66a2ad,a3cc33c083ee4b99a18e89e56399a8a3
e6780d7982c14f9aba3fdf8bee66a2ad,9d1abead3a6c42b5b217f3e2bedc0729
e6780d7982c14f9aba3fdf8bee66a2ad,56bc3ad428854ba79dc553f38de5e9e6
e6780d7982c14f9aba3fdf8bee66a2ad,916bf9a7a9d840f889af1a96556996c6
e6780d7982c14f9aba3fdf8bee66a2ad,984de094ed3144a3b9e389a1b125465b
e6780d7982c14f9aba3fdf8bee66a2ad,07eb58b9912c435d90f9de724eeab277
e6780d7982c14f9aba3fdf8bee66a2ad,e8b40b224fe04ed19b4e4bc8645f090c
e6780d7982c14f9aba3fdf8bee66a2ad,4e9fe7ffb54c42eba0987c6119da9975
e6780d7982c14f9aba3fdf8bee66a2ad,d11dfa57b86c41f69bc68e2b3d102637
e6780d7982c14f9aba3fdf8bee66a2ad,fa3e9b3e183848799c59cae73e444204
e6780d7982c14f9aba3fdf8bee66a2ad,88cd681507b8410b8ca4a3c5c1d8bd03
e6780d7982c14f9aba3fdf8bee66a2ad,519eb4e9f02c45e3abe145cc8c147089
e6780d7982c14f9aba3fdf8bee66a2ad,16584031624041119309e01c908a2f1f
e6780d7982c14f9aba3fdf8bee66a2ad,4486ab68f88045229dcf74edfeb8d25c
e6780d7982c14f9aba3fdf8bee66a2ad,6116116b655a45af9e05e2a44337ea4e
e6780d7982c14f9aba3fdf8bee66a2ad,cd109a09ed9847288e86826d73e958a4
e6780d7982c14f9aba3fdf8bee66a2ad,fb58aa2d8fbd40d1bc7602f7b81437fb
e6780d7982c14f9aba3fdf8bee66a2ad,db454c16d2474f5dbf6e030b2d893f2b
e6780d7982c14f9aba3fdf8bee66a2ad,739059fe722a4bf98cbdba16f08890fe
e6780d7982c14f9aba3fdf8bee66a2ad,c4462098f25a467e88cfc849b288b8f9
e6780d7982c14f9aba3fdf8bee66a2ad,d3c4b00e3d4444aa98dfe1ccd0af7a8e
e6780d7982c14f9aba3fdf8bee66a2ad,6de465ffdd894e6584cc5fcfe724526b
e6780d7982c14f9aba3fdf8bee66a2ad,5fc76ec033e2422baefbffa8183d0b30
e6780d7982c14f9aba3fdf8bee66a2ad,e576dd996b054b6abc05ca4da0e19cb4
e6780d7982c14f9aba3fdf8bee66a2ad,7b7fce5559964119878cd6de68472598
e6780d7982c14f9aba3fdf8bee66a2ad,3c3eeef51fc94f24b4ffc8cad04f0400
e6780d7982c14f9aba3fdf8bee66a2ad,42522f0fa68b4d32a5a775b3fc8a1cc6
e6780d7982c14f9aba3fdf8bee66a2ad,5c0daedeb333466598d1db7798ba3934
e6780d7982c14f9aba3fdf8bee66a2ad,cf4d747b013247c08775128477da5502
e6780d7982c14f9aba3fdf8bee66a2ad,d6cbdc05e28140449e3deabe6f7693d1
e6780d7982c14f9aba3fdf8bee66a2ad,7768c4ff856047c4a2b2be8c0663b65a
e6780d7982c14f9aba3fdf8bee66a2ad,615db18e6a724ef490571c7733633538
e6780d7982c14f9aba3fdf8bee66a2ad,1944a9ee57154bc38f9efac7d2c00f58
e6780d7982c14f9aba3fdf8bee66a2ad,14e4ff0b2a7e43709a6fc7a7e94264bb
e6780d7982c14f9aba3fdf8bee66a2ad,f8112a3453354571ac588aa0950ae70d
e6780d7982c14f9aba3fdf8bee66a2ad,aa3aa0ba7a244573b18b162e5e50790f
e6780d7982c14f9aba3fdf8bee66a2ad,86e1ebb2a40444dba4b86d3389983793
e6780d7982c14f9aba3fdf8bee66a2ad,f30a6b66d82b47e5bceddda63adf0e28
e6780d7982c14f9aba3fdf8bee66a2ad,6396a0f7a4ab434992c344bfa1e2cfa5
e6780d7982c14f9aba3fdf8bee66a2ad,c146d548990a46fda2fd1ad7531b8c1f
e6780d7982c14f9aba3fdf8bee66a2ad,9a29ce1e8d9842b6af52a428ff0bf9b3
7d715f982c8b4a6da7be5142f74b1472,6147d7a3be4f4deda274c5d560ca12c5
7d715f982c8b4a6da7be5142f74b1472,a0a114a81377414d9f7f1b34a4966bc7
7d715f982c8b4a6da7be5142f74b1472,b0f6c44506444fb99e910dcc5836b5d8
593e423a37764525a033751ad5e5d165,e78f75c543e84e1c94da1801d8560f65
593e423a37764525a033751ad5e5d165,ab8d405cfdab4faf83ffe7f83944a87b
593e423a37764525a033751ad5e5d165,13c0247684904d34b0b5f5a9900eba12
593e423a37764525a033751ad5e5d165,cf8069d40ccc4e1782ed11518c5311d5
593e423a37764525a033751ad5e5d165,24affb174b604b2a86e48f9841b89c0c
593e423a37764525a033751ad5e5d165,ebe0b830ac4d4709bf268f8e0060be08
593e423a37764525a033751ad5e5d165,a7dcf0a142fb4753af5de36ebf923f94
593e423a37764525a033751ad5e5d165,36a75cba86de4d2baa03c2a5f8ab3e96
593e423a37764525a033751ad5e5d165,dd579e56010a434caff4cf29a9723296
593e423a37764525a033751ad5e5d165,fe9ef9608b084c43b5303f2f1513ebe7
593e423a37764525a033751ad5e5d165,0b93faa7affc4133b5d6ce580dc9ef2f
593e423a37764525a033751ad5e5d165,341f1701b2424d83879806a31824468f
593e423a37764525a033751ad5e5d165,42eca8115ef34c07b0d06e79484e071a
8e4d8e5542a9407ab7b5a05e6e28c62c,16cd80d180bc4b16a8d2fefc865d8129
8e4d8e5542a9407ab7b5a05e6e28c62c,f02266082964448ab926dbae758931a4
8e4d8e5542a9407ab7b5a05e6e28c62c,f4908e3f227444dc8c5c91a92d0e35a0
8e4d8e5542a9407ab7b5a05e6e28c62c,eb8db64e945f48f197363d43fb820d8e
8e4d8e5542a9407ab7b5a05e6e28c62c,74b6c7d8be58414dabf2d88129c8b911
8e4d8e5542a9407ab7b5a05e6e28c62c,ca1b6eebf9104b73aa74196766036003
8e4d8e5542a9407ab7b5a05e6e28c62c,9c021306b8a84925943dbfcf8d686da1
8e4d8e5542a9407ab7b5a05e6e28c62c,79b66e85e08a45b5970688768ef32560
8e4d8e5542a9407ab7b5a05e6e28c62c,8c055fd0a9404c73b76d8e7eb5ffe7c8
8e4d8e5542a9407ab7b5a05e6e28c62c,22a501247e5d4eb68dce805060bf5042
8e4d8e5542a9407ab7b5a05e6e28c62c,b56a0374462f4d7e9d786315828fb57e
8e4d8e5542a9407ab7b5a05e6e28c62c,6938283635004fe49961bf8c64f6bb43
8e4d8e5542a9407ab7b5a05e6e28c62c,a884bb3578c94e7893185b7c43723b63
8e4d8e5542a9407ab7b5a05e6e28c62c,c0db7ede83d1447090084cd25f54ae83
8e4d8e5542a9407ab7b5a05e6e28c62c,739059fe722a4bf98cbdba16f08890fe
8e4d8e5542a9407ab7b5a05e6e28c62c,db75ec98d51341fc91978f98df30e06f
8e4d8e5542a9407ab7b5a05e6e28c62c,77f80c592fa84a4f8d1d569b817abd8d
8e4d8e5542a9407ab7b5a05e6e28c62c,a632616de75f47b393ba219cd6053829
8e4d8e5542a9407ab7b5a05e6e28c62c,59dfb4c6e5bb42b4876b5b08dbaf2cdc
8e4d8e5542a9407ab7b5a05e6e28c62c,c34d17b9958f401586f3ee72ee01382c
8e4d8e5542a9407ab7b5a05e6e28c62c,df59997f4576482a9af22dbce2e2628b
8e4d8e5542a9407ab7b5a05e6e28c62c,02aab9809abc442bb9ee99c20c41e757
86850633393147be9d070c47a1258c41,b3525548bad243cb9a437a0bf5f60eb9
86850633393147be9d070c47a1258c41,9e3c3ab398c54fc58f6c9167987633b7
86850633393147be9d070c47a1258c41,79b71343cbbc4a29b5dd6ab5a8aa1021
86850633393147be9d070c47a1258c41,7a10a7f53e9e4947b94358f8c830d66d
86850633393147be9d070c47a1258c41,9c021306b8a84925943dbfcf8d686da1
86850633393147be9d070c47a1258c41,0b93faa7affc4133b5d6ce580dc9ef2f
1f3b7e8f20db4a23959e1cb673604b45,d9ad58635b354c6cbdb848ecbc7c5c39
1f3b7e8f20db4a23959e1cb673604b45,a5b996e2398a435595534c633078d3d8
1f3b7e8f20db4a23959e1cb673604b45,fd626410f57b4514831769ac333c818b
1f3b7e8f20db4a23959e1cb673604b45,dd95ee5197064d12ad0aa7422c0b8389
1f3b7e8f20db4a23959e1cb673604b45,b56a0374462f4d7e9d786315828fb57e
1f3b7e8f20db4a23959e1cb673604b45,b56a0374462f4d7e9d786315828fb57e
78c15b3814e7417a9da357c0df011194,4ad4d0c90cf64bd3abf1b50998dc397e
78c15b3814e7417a9da357c0df011194,4f9d7086d0d0489ebf1862fff56b5023
78c15b3814e7417a9da357c0df011194,9a5aead62c344207b2624dba90985dc5
78c15b3814e7417a9da357c0df011194,25845fd799df43888ae4135213b9a098
78c15b3814e7417a9da357c0df011194,a7bf251a290b418e923e8f04a67b7ebb
78c15b3814e7417a9da357c0df011194,c7a063f637e34e98aa5399cb2be5ccb1
78c15b3814e7417a9da357c0df011194,3f8fa5eaa07147cda378f2baaa3d6955
78c15b3814e7417a9da357c0df011194,ef4435f6b56a4d14b4728513e094f25d
78c15b3814e7417a9da357c0df011194,0b1a76e8b1f94f299f1987b4cad26d7a
78c15b3814e7417a9da357c0df011194,bb87319cf77f482f89493fae338fdd3b
78c15b3814e7417a9da357c0df011194,36ff3b3666df400f956f8335cf53e09e
78c15b3814e7417a9da357c0df011194,a48ce3eed4ca43439066add35ea28b89
78c15b3814e7417a9da357c0df011194,b4905a73bef849fe87a60949a99e49f0
78c15b3814e7417a9da357c0df011194,fd5401129437429794d223f7008d04ea
78c15b3814e7417a9da357c0df011194,9a0f09620c6640718c1792a74f3b8438
78c15b3814e7417a9da357c0df011194,fd626410f57b4514831769ac333c818b
78c15b3814e7417a9da357c0df011194,5f4b23b47304481abd3ce9263b2a43d8
78c15b3814e7417a9da357c0df011194,e7de1b8349874fafac3bfdfc327e803f
78c15b3814e7417a9da357c0df011194,36a75cba86de4d2baa03c2a5f8ab3e96
78c15b3814e7417a9da357c0df011194,b56a0374462f4d7e9d786315828fb57e
298f0e917129423d9c6b12f08d26416f,4ad4d0c90cf64bd3abf1b50998dc397e
298f0e917129423d9c6b12f08d26416f,69b9668a07da4668b7e8fa079c76d197
298f0e917129423d9c6b12f08d26416f,2c87f3ab51f24eb59675c0be103bc947
298f0e917129423d9c6b12f08d26416f,16cd80d180bc4b16a8d2fefc865d8129
298f0e917129423d9c6b12f08d26416f,4aeb7fa198564f018d5cf9f03b05e40c
298f0e917129423d9c6b12f08d26416f,8ddc6f0c410b412fa6bf9e68f41152a0
298f0e917129423d9c6b12f08d26416f,9ed9229cbd2e4f5790b6180daff4f868
298f0e917129423d9c6b12f08d26416f,08d8fafd207d46dcb89ce70b63775cdf
298f0e917129423d9c6b12f08d26416f,e61e9040ccb644a39cdd3133f0729161
298f0e917129423d9c6b12f08d26416f,0b1a76e8b1f94f299f1987b4cad26d7a
298f0e917129423d9c6b12f08d26416f,3e1d2d1411644586b5268fdd2a6805f9
298f0e917129423d9c6b12f08d26416f,3ad5321b583741129a6f471b3f781e47
298f0e917129423d9c6b12f08d26416f,c2f5100970cd4a8394639ec64210e761
64f55a07c0864292afe4b41d674ee2e9,a1674c73afb24f79ac12248296d31b34
6f13430a2bd1409f8c0863ca3a133db6,55eb78774bff437ebb1d5217a25e1dc5
ab73e3e161b64543a194b46442b0f805,a8a936e405204420a981ffec2ae0dc98
ab73e3e161b64543a194b46442b0f805,ab8d405cfdab4faf83ffe7f83944a87b
ab73e3e161b64543a194b46442b0f805,b6414815301a4fc7bdf93f71894265b7
ab73e3e161b64543a194b46442b0f805,c33388726b4545af9c35b1d272fb1513
ab73e3e161b64543a194b46442b0f805,13c0247684904d34b0b5f5a9900eba12
ab73e3e161b64543a194b46442b0f805,a96d18bb17d841268cf1dfa4f086862c
ab73e3e161b64543a194b46442b0f805,d77cccc4bf1549bcacfb7a4a95bb1760
ab73e3e161b64543a194b46442b0f805,6ed20605002a42b0b8e3d6ac97c50c7f
ab73e3e161b64543a194b46442b0f805,1dc7bf0ee046466db1090289fd5022c7
ab73e3e161b64543a194b46442b0f805,54bae893d0dd48029237e233e201061f
ab73e3e161b64543a194b46442b0f805,55eb78774bff437ebb1d5217a25e1dc5
e2d6994350424f46a329cb3ba17e4893,ff165c6b122b47b9a5d4db2504086460
e2d6994350424f46a329cb3ba17e4893,16cd80d180bc4b16a8d2fefc865d8129
e2d6994350424f46a329cb3ba17e4893,0ac7aa80a4ca4895bfee445043e98df2
66574765baa94b79a7e76b13f36a0d4a,c6500bc9c763400587b3e3e3bcf706c4
66574765baa94b79a7e76b13f36a0d4a,46277aad38704d319e8f953b5592819c
66574765baa94b79a7e76b13f36a0d4a,4ae18ce4fdd64758b48b90cb2a3a2570
66574765baa94b79a7e76b13f36a0d4a,8798592b926248aca308f800bdfc20eb
66574765baa94b79a7e76b13f36a0d4a,beb30a116f7a433da3a7e142fb242f98
66574765baa94b79a7e76b13f36a0d4a,24e94cc8ec814e1d966bab64e499228d
66574765baa94b79a7e76b13f36a0d4a,b20845f4b76f43d689c065d30bcfb660
66574765baa94b79a7e76b13f36a0d4a,4970fcae53a749aeb64318c132cf445d
66574765baa94b79a7e76b13f36a0d4a,4ad4d0c90cf64bd3abf1b50998dc397e
66574765baa94b79a7e76b13f36a0d4a,4575e1766da7427db1eb068942195c8f
66574765baa94b79a7e76b13f36a0d4a,bee5b29f51dc436d8deacd2a03919311
66574765baa94b79a7e76b13f36a0d4a,2dddc8e2f41647e180156e7d4dda064d
66574765baa94b79a7e76b13f36a0d4a,bddb3bc6a24d4bbc8ce187fa48e97f0c
66574765baa94b79a7e76b13f36a0d4a,0e98d45e17b249cb9a4614dd644f4813
66574765baa94b79a7e76b13f36a0d4a,1281a56ed75b454faaa11962a0beca3a
66574765baa94b79a7e76b13f36a0d4a,a303c1c4faef4adda38fcd4c0d2bade1
66574765baa94b79a7e76b13f36a0d4a,f25658bc5e374a1a8ea099156fc1206a
66574765baa94b79a7e76b13f36a0d4a,5c5ffaf87ed249d9a630c010d80feb3f
